Numero,Nom_intervenants,Date_seances,Num_page,Titre,Texte,Thème
1,M. le président.,15 février 2022,1662,,,
2,M. le président.,15 février 2022,1662,PROCÈS-VERBAL,,
3,M. le président.,15 février 2022,1662,COMMUNICATION RELATIVE À UNE COMMISSION MIXTE PARITAIRE,,
4,M. le président.,15 février 2022,1662,QUESTIONS ORALES,,
5,M. le président.,15 février 2022,1662,QUESTIONS ORALES,,
6,M. Hervé Gillé.,15 février 2022,1662,QUESTIONS ORALES,,
7,M. le président.,15 février 2022,1662,QUESTIONS ORALES,,
8,"Mme Marlène Schiappa,",15 février 2022,1662,QUESTIONS ORALES,,
9,M. le président.,15 février 2022,1663,QUESTIONS ORALES,,
10,M. Hervé Gillé.,15 février 2022,1663,QUESTIONS ORALES,,
11,M. le président.,15 février 2022,1663,QUESTIONS ORALES,,
12,Mme Laure Darcos.,15 février 2022,1663,QUESTIONS ORALES,,
13,M. le président.,15 février 2022,1663,QUESTIONS ORALES,,
14,"Mme Marlène Schiappa,",15 février 2022,1663,QUESTIONS ORALES,,
15,M. le président.,15 février 2022,1664,QUESTIONS ORALES,,
16,Mme Laure Darcos.,15 février 2022,1664,QUESTIONS ORALES,,
17,M. le président.,15 février 2022,1664,QUESTIONS ORALES,,
18,Mme Laurence Harribey.,15 février 2022,1664,QUESTIONS ORALES,,
19,M. le président.,15 février 2022,1664,QUESTIONS ORALES,,
20,"Mme Marlène Schiappa,",15 février 2022,1664,QUESTIONS ORALES,,
21,M. le président.,15 février 2022,1664,QUESTIONS ORALES,,
22,Mme Laurence Harribey.,15 février 2022,1664,QUESTIONS ORALES,,
23,M. le président.,15 février 2022,1664,QUESTIONS ORALES,,
24,Mme Brigitte Lherbier.,15 février 2022,1664,QUESTIONS ORALES,,
25,M. le président.,15 février 2022,1665,QUESTIONS ORALES,,
26,"Mme Marlène Schiappa,",15 février 2022,1665,QUESTIONS ORALES,,
27,M. le président.,15 février 2022,1665,QUESTIONS ORALES,,
28,Mme Marie-Claude Varaillas.,15 février 2022,1665,QUESTIONS ORALES,,
29,M. le président.,15 février 2022,1666,QUESTIONS ORALES,,
30,"Mme Roxana Maracineanu,",15 février 2022,1666,QUESTIONS ORALES,,
31,M. le président.,15 février 2022,1666,QUESTIONS ORALES,,
32,M. Alain Marc.,15 février 2022,1666,QUESTIONS ORALES,,
33,M. le président.,15 février 2022,1666,QUESTIONS ORALES,,
34,"Mme Roxana Maracineanu,",15 février 2022,1666,QUESTIONS ORALES,,
35,M. le président.,15 février 2022,1667,QUESTIONS ORALES,,
36,M. Alain Marc.,15 février 2022,1667,QUESTIONS ORALES,,
37,M. le président.,15 février 2022,1667,QUESTIONS ORALES,,
38,Mme Dominique Vérien.,15 février 2022,1667,QUESTIONS ORALES,,
39,M. le président.,15 février 2022,1667,QUESTIONS ORALES,,
40,"Mme Roxana Maracineanu,",15 février 2022,1667,QUESTIONS ORALES,,
41,M. le président.,15 février 2022,1667,QUESTIONS ORALES,,
42,Mme Dominique Vérien.,15 février 2022,1667,QUESTIONS ORALES,,
43,M. le président.,15 février 2022,1667,QUESTIONS ORALES,,
44,M. Olivier Paccaud.,15 février 2022,1667,QUESTIONS ORALES,,
45,M. le président.,15 février 2022,1668,QUESTIONS ORALES,,
46,M. Olivier Paccaud.,15 février 2022,1668,QUESTIONS ORALES,,
47,M. le président.,15 février 2022,1668,QUESTIONS ORALES,,
48,"Mme Roxana Maracineanu,",15 février 2022,1668,QUESTIONS ORALES,,
49,M. le président.,15 février 2022,1668,QUESTIONS ORALES,,
50,"Mme Roxana Maracineanu,",15 février 2022,1668,QUESTIONS ORALES,,
51,M. le président.,15 février 2022,1668,QUESTIONS ORALES,,
52,M. le président.,15 février 2022,1668,QUESTIONS ORALES,,
53,M. Bruno Belin.,15 février 2022,1668,QUESTIONS ORALES,,
54,M. le président.,15 février 2022,1669,QUESTIONS ORALES,,
55,"Mme Roxana Maracineanu,",15 février 2022,1669,QUESTIONS ORALES,,
56,M. le président.,15 février 2022,1669,QUESTIONS ORALES,,
57,"Mme Roxana Maracineanu,",15 février 2022,1669,QUESTIONS ORALES,,
58,M. le président.,15 février 2022,1669,QUESTIONS ORALES,,
59,Mme Anne Ventalon.,15 février 2022,1669,QUESTIONS ORALES,,
60,M. le président.,15 février 2022,1669,QUESTIONS ORALES,,
61,"Mme Roxana Maracineanu,",15 février 2022,1669,QUESTIONS ORALES,,
62,M. le président.,15 février 2022,1670,QUESTIONS ORALES,,
63,Mme Anne Ventalon.,15 février 2022,1670,QUESTIONS ORALES,,
64,M. le président.,15 février 2022,1670,QUESTIONS ORALES,,
65,M. Guillaume Gontard.,15 février 2022,1670,QUESTIONS ORALES,,
66,M. le président.,15 février 2022,1670,QUESTIONS ORALES,,
67,"Mme Geneviève Darrieussecq,",15 février 2022,1670,QUESTIONS ORALES,,
68,M. le président.,15 février 2022,1671,QUESTIONS ORALES,,
69,M. Guillaume Gontard.,15 février 2022,1671,QUESTIONS ORALES,,
70,M. le président.,15 février 2022,1671,QUESTIONS ORALES,,
71,M. Jean-Marie Mizzon.,15 février 2022,1671,QUESTIONS ORALES,,
72,M. le président.,15 février 2022,1671,QUESTIONS ORALES,,
73,"Mme Geneviève Darrieussecq,",15 février 2022,1671,QUESTIONS ORALES,,
74,M. le président.,15 février 2022,1671,QUESTIONS ORALES,,
75,M. Jean-Marie Mizzon.,15 février 2022,1671,QUESTIONS ORALES,,
76,M. le président.,15 février 2022,1671,QUESTIONS ORALES,,
77,M. Mathieu Darnaud.,15 février 2022,1671,QUESTIONS ORALES,,
78,M. le président.,15 février 2022,1672,QUESTIONS ORALES,,
79,"Mme Geneviève Darrieussecq,",15 février 2022,1672,QUESTIONS ORALES,,
80,M. le président.,15 février 2022,1672,QUESTIONS ORALES,,
81,M. Max Brisson.,15 février 2022,1672,QUESTIONS ORALES,,
82,M. le président.,15 février 2022,1672,QUESTIONS ORALES,,
83,"Mme Geneviève Darrieussecq,",15 février 2022,1672,QUESTIONS ORALES,,
84,M. le président.,15 février 2022,1673,QUESTIONS ORALES,,
85,M. Max Brisson.,15 février 2022,1673,QUESTIONS ORALES,,
86,M. le président.,15 février 2022,1673,QUESTIONS ORALES,,
87,Mme Frédérique Puissat.,15 février 2022,1673,QUESTIONS ORALES,,
88,M. le président.,15 février 2022,1673,QUESTIONS ORALES,,
89,"Mme Geneviève Darrieussecq,",15 février 2022,1673,QUESTIONS ORALES,,
90,M. le président.,15 février 2022,1673,QUESTIONS ORALES,,
91,Mme Frédérique Puissat.,15 février 2022,1673,QUESTIONS ORALES,,
92,M. le président.,15 février 2022,1674,QUESTIONS ORALES,,
93,M. Hervé Maurey.,15 février 2022,1674,QUESTIONS ORALES,,
94,M. le président.,15 février 2022,1674,QUESTIONS ORALES,,
95,"Mme Agnès Pannier-Runacher,",15 février 2022,1674,QUESTIONS ORALES,,
96,M. le président.,15 février 2022,1674,QUESTIONS ORALES,,
97,M. Hervé Maurey.,15 février 2022,1674,QUESTIONS ORALES,,
98,M. le président.,15 février 2022,1674,QUESTIONS ORALES,,
99,Mme Corinne Féret.,15 février 2022,1674,QUESTIONS ORALES,,
100,M. le président.,15 février 2022,1675,QUESTIONS ORALES,,
101,"Mme Agnès Pannier-Runacher,",15 février 2022,1675,QUESTIONS ORALES,,
102,M. le président.,15 février 2022,1675,QUESTIONS ORALES,,
103,Mme Corinne Féret.,15 février 2022,1675,QUESTIONS ORALES,,
104,M. le président.,15 février 2022,1675,QUESTIONS ORALES,,
105,Mme Patricia Demas.,15 février 2022,1675,QUESTIONS ORALES,,
106,M. le président.,15 février 2022,1676,QUESTIONS ORALES,,
107,"Mme Agnès Pannier-Runacher,",15 février 2022,1676,QUESTIONS ORALES,,
108,M. le président.,15 février 2022,1676,QUESTIONS ORALES,,
109,Mme Else Joseph.,15 février 2022,1676,QUESTIONS ORALES,,
110,M. le président.,15 février 2022,1676,QUESTIONS ORALES,,
111,"Mme Agnès Pannier-Runacher,",15 février 2022,1676,QUESTIONS ORALES,,
112,M. le président.,15 février 2022,1677,QUESTIONS ORALES,,
113,M. Jean-Michel Arnaud.,15 février 2022,1677,QUESTIONS ORALES,,
114,M. le président.,15 février 2022,1677,QUESTIONS ORALES,,
115,"Mme Agnès Pannier-Runacher,",15 février 2022,1677,QUESTIONS ORALES,,
116,M. le président.,15 février 2022,1677,QUESTIONS ORALES,,
117,M. Jean-Michel Arnaud.,15 février 2022,1677,QUESTIONS ORALES,,
118,M. le président.,15 février 2022,1678,QUESTIONS ORALES,,
119,Mme Cathy Apourceau-Poly.,15 février 2022,1678,QUESTIONS ORALES,,
120,M. le président.,15 février 2022,1678,QUESTIONS ORALES,,
121,"Mme Agnès Pannier-Runacher,",15 février 2022,1678,QUESTIONS ORALES,,
122,M. le président.,15 février 2022,1678,QUESTIONS ORALES,,
123,Mme Cathy Apourceau-Poly.,15 février 2022,1678,QUESTIONS ORALES,,
124,M. le président.,15 février 2022,1678,QUESTIONS ORALES,,
125,M. Christian Bilhac.,15 février 2022,1678,QUESTIONS ORALES,,
126,M. le président.,15 février 2022,1679,QUESTIONS ORALES,,
127,"Mme Agnès Pannier-Runacher,",15 février 2022,1679,QUESTIONS ORALES,,
128,M. le président.,15 février 2022,1679,QUESTIONS ORALES,,
129,"Mme Agnès Pannier-Runacher,",15 février 2022,1679,QUESTIONS ORALES,,
130,M. le président.,15 février 2022,1679,QUESTIONS ORALES,,
131,M. Christian Bilhac.,15 février 2022,1679,QUESTIONS ORALES,,
132,M. le président.,15 février 2022,1679,QUESTIONS ORALES,,
133,M. Frédéric Marchand.,15 février 2022,1679,QUESTIONS ORALES,,
134,M. le président.,15 février 2022,1680,QUESTIONS ORALES,,
135,"Mme Agnès Pannier-Runacher,",15 février 2022,1680,QUESTIONS ORALES,,
136,M. le président.,15 février 2022,1680,QUESTIONS ORALES,,
137,Mme Sylviane Noël.,15 février 2022,1680,QUESTIONS ORALES,,
138,M. le président.,15 février 2022,1681,QUESTIONS ORALES,,
139,"Mme Agnès Pannier-Runacher,",15 février 2022,1681,QUESTIONS ORALES,,
140,M. le président.,15 février 2022,1681,QUESTIONS ORALES,,
141,M. Jean-Yves Roux.,15 février 2022,1681,QUESTIONS ORALES,,
142,M. le président.,15 février 2022,1681,QUESTIONS ORALES,,
143,"Mme Brigitte Bourguignon,",15 février 2022,1681,QUESTIONS ORALES,,
144,M. le président.,15 février 2022,1682,QUESTIONS ORALES,,
145,Mme Martine Filleul.,15 février 2022,1682,QUESTIONS ORALES,,
146,M. le président.,15 février 2022,1682,QUESTIONS ORALES,,
147,"Mme Brigitte Bourguignon,",15 février 2022,1682,QUESTIONS ORALES,,
148,M. le président.,15 février 2022,1682,QUESTIONS ORALES,,
149,Mme Martine Filleul.,15 février 2022,1682,QUESTIONS ORALES,,
150,M. le président.,15 février 2022,1682,QUESTIONS ORALES,,
151,Mme Marie-Laure Phinera-Horth.,15 février 2022,1682,QUESTIONS ORALES,,
152,M. le président.,15 février 2022,1683,QUESTIONS ORALES,,
153,"Mme Brigitte Bourguignon,",15 février 2022,1683,QUESTIONS ORALES,,
154,M. le président.,15 février 2022,1683,QUESTIONS ORALES,,
155,"Mme Brigitte Bourguignon,",15 février 2022,1683,QUESTIONS ORALES,,
156,M. le président.,15 février 2022,1683,QUESTIONS ORALES,,
157,M. Édouard Courtial.,15 février 2022,1683,QUESTIONS ORALES,,
158,M. le président.,15 février 2022,1684,QUESTIONS ORALES,,
159,"Mme Brigitte Bourguignon,",15 février 2022,1684,QUESTIONS ORALES,,
160,M. le président.,15 février 2022,1684,QUESTIONS ORALES,,
161,Mme Nadine Bellurot.,15 février 2022,1684,QUESTIONS ORALES,,
162,M. le président.,15 février 2022,1684,QUESTIONS ORALES,,
163,"Mme Brigitte Bourguignon,",15 février 2022,1684,QUESTIONS ORALES,,
164,M. le président.,15 février 2022,1685,QUESTIONS ORALES,,
165,Mme Nadine Bellurot.,15 février 2022,1685,QUESTIONS ORALES,,
166,M. le président.,15 février 2022,1685,QUESTIONS ORALES,,
167,Mme Élisabeth Doineau.,15 février 2022,1685,QUESTIONS ORALES,,
168,M. le président.,15 février 2022,1685,QUESTIONS ORALES,,
169,"Mme Brigitte Bourguignon,",15 février 2022,1685,QUESTIONS ORALES,,
170,M. le président.,15 février 2022,1685,QUESTIONS ORALES,,
171,M. Daniel Gremillet.,15 février 2022,1685,QUESTIONS ORALES,,
172,M. le président.,15 février 2022,1686,QUESTIONS ORALES,,
173,"Mme Brigitte Bourguignon,",15 février 2022,1686,QUESTIONS ORALES,,
174,M. le président.,15 février 2022,1686,QUESTIONS ORALES,,
175,Mme Sabine Drexler.,15 février 2022,1686,QUESTIONS ORALES,,
176,M. le président.,15 février 2022,1686,QUESTIONS ORALES,,
177,"Mme Brigitte Bourguignon,",15 février 2022,1686,QUESTIONS ORALES,,
178,M. le président.,15 février 2022,1687,QUESTIONS ORALES,,
179,Mme Sabine Drexler.,15 février 2022,1687,QUESTIONS ORALES,,
180,M. le président.,15 février 2022,1687,QUESTIONS ORALES,,
181,Mme Véronique Guillotin.,15 février 2022,1687,QUESTIONS ORALES,,
182,M. le président.,15 février 2022,1687,QUESTIONS ORALES,,
183,"Mme Brigitte Bourguignon,",15 février 2022,1687,QUESTIONS ORALES,,
184,M. le président.,15 février 2022,1688,QUESTIONS ORALES,,
185,Mme Annie Le Houerou.,15 février 2022,1688,QUESTIONS ORALES,,
186,M. le président.,15 février 2022,1688,QUESTIONS ORALES,,
187,"Mme Brigitte Bourguignon,",15 février 2022,1688,QUESTIONS ORALES,,
188,M. le président.,15 février 2022,1688,QUESTIONS ORALES,,
189,Mme Annie Le Houerou.,15 février 2022,1688,QUESTIONS ORALES,,
190,M. le président.,15 février 2022,1689,QUESTIONS ORALES,,
191,"Mme Brigitte Bourguignon,",15 février 2022,1689,QUESTIONS ORALES,,
192,M. le président.,15 février 2022,1689,QUESTIONS ORALES,,
193,M. François Bonhomme.,15 février 2022,1689,QUESTIONS ORALES,,
194,M. le président.,15 février 2022,1690,QUESTIONS ORALES,,
195,"M. Jean-Baptiste Djebbari,",15 février 2022,1690,QUESTIONS ORALES,,
196,M. le président.,15 février 2022,1690,QUESTIONS ORALES,,
197,M. François Bonhomme.,15 février 2022,1690,QUESTIONS ORALES,,
198,M. le président.,15 février 2022,1690,QUESTIONS ORALES,,
199,M. Jean-François Husson.,15 février 2022,1690,QUESTIONS ORALES,,
200,M. le président.,15 février 2022,1690,QUESTIONS ORALES,,
201,"M. Jean-Baptiste Djebbari,",15 février 2022,1691,QUESTIONS ORALES,,
202,M. le président.,15 février 2022,1691,QUESTIONS ORALES,,
203,Mme Martine Filleul.,15 février 2022,1691,QUESTIONS ORALES,,
204,M. le président.,15 février 2022,1691,QUESTIONS ORALES,,
205,"M. Jean-Baptiste Djebbari,",15 février 2022,1691,QUESTIONS ORALES,,
206,M. le président.,15 février 2022,1691,QUESTIONS ORALES,,
207,Mme Martine Filleul.,15 février 2022,1691,QUESTIONS ORALES,,
208,M. le président.,15 février 2022,1691,QUESTIONS ORALES,,
209,Mme Amel Gacquerre.,15 février 2022,1692,QUESTIONS ORALES,,
210,M. le président.,15 février 2022,1692,QUESTIONS ORALES,,
211,"M. Jean-Baptiste Djebbari,",15 février 2022,1692,QUESTIONS ORALES,,
212,M. le président.,15 février 2022,1692,QUESTIONS ORALES,,
213,M. Christian Cambon.,15 février 2022,1692,QUESTIONS ORALES,,
214,M. le président.,15 février 2022,1693,QUESTIONS ORALES,,
215,"M. Jean-Baptiste Djebbari,",15 février 2022,1693,QUESTIONS ORALES,,
216,M. le président.,15 février 2022,1693,QUESTIONS ORALES,,
217,M. Christian Cambon.,15 février 2022,1693,QUESTIONS ORALES,,
218,M. le président.,15 février 2022,1693,QUESTIONS ORALES,,
219,M. Thomas Dossus.,15 février 2022,1693,QUESTIONS ORALES,,
220,M. le président.,15 février 2022,1694,QUESTIONS ORALES,,
221,"M. Jean-Baptiste Djebbari,",15 février 2022,1694,QUESTIONS ORALES,,
222,M. le président.,15 février 2022,1694,QUESTIONS ORALES,,
223,M. Didier Mandelli.,15 février 2022,1694,QUESTIONS ORALES,,
224,M. le président.,15 février 2022,1694,QUESTIONS ORALES,,
225,"M. Jean-Baptiste Djebbari,",15 février 2022,1694,QUESTIONS ORALES,,
226,M. le président.,15 février 2022,1695,QUESTIONS ORALES,,
227,M. Didier Mandelli.,15 février 2022,1695,QUESTIONS ORALES,,
228,M. le président.,15 février 2022,1695,QUESTIONS ORALES,,
229,M. Jean-Raymond Hugonet.,15 février 2022,1695,QUESTIONS ORALES,,
230,M. le président.,15 février 2022,1695,QUESTIONS ORALES,,
231,"M. Jean-Baptiste Djebbari,",15 février 2022,1695,QUESTIONS ORALES,,
232,M. le président.,15 février 2022,1696,QUESTIONS ORALES,,
233,M. Jean-Raymond Hugonet.,15 février 2022,1696,QUESTIONS ORALES,,
234,M. le président.,15 février 2022,1696,QUESTIONS ORALES,,
235,M. Georges Patient.,15 février 2022,1696,QUESTIONS ORALES,,
236,M. le président.,15 février 2022,1696,QUESTIONS ORALES,,
237,"M. Jean-Baptiste Djebbari,",15 février 2022,1696,QUESTIONS ORALES,,
238,M. le président.,15 février 2022,1696,QUESTIONS ORALES,,
239,Mme Annick Billon.,15 février 2022,1697,QUESTIONS ORALES,,
240,M. le président.,15 février 2022,1697,QUESTIONS ORALES,,
241,"M. Jean-Baptiste Djebbari,",15 février 2022,1697,QUESTIONS ORALES,,
242,M. le président.,15 février 2022,1697,QUESTIONS ORALES,,
243,Mme Annick Billon.,15 février 2022,1697,QUESTIONS ORALES,,
244,M. le président.,15 février 2022,1697,QUESTIONS ORALES,,
245,Mme le président.,15 février 2022,1697,QUESTIONS ORALES,,
246,Mme le président.,15 février 2022,1697,CANDIDATURE À UNE COMMISSION,,
247,Mme le président.,15 février 2022,1698,CONVENTIONS INTERNATIONALES,,ADOPTION EN PROCÉDURE ACCÉLÉRÉE D’UN PROJET DE LOI DANS LE TEXTE DE LA COMMISSION
248,Mme le président.,15 février 2022,1698,CONVENTIONS INTERNATIONALES,Article unique,ADOPTION EN PROCÉDURE ACCÉLÉRÉE D’UN PROJET DE LOI DANS LE TEXTE DE LA COMMISSION
249,Mme le président.,15 février 2022,1698,CONVENTIONS INTERNATIONALES,Article unique,ADOPTION EN PROCÉDURE ACCÉLÉRÉE D’UN PROJET DE LOI DANS LE TEXTE DE LA COMMISSION
250,Mme le président.,15 février 2022,1698,CONVENTIONS INTERNATIONALES,Article unique,ADOPTION EN PROCÉDURE ACCÉLÉRÉE D’UN PROJET DE LOI DANS LE TEXTE DE LA COMMISSION
251,"Mme Geneviève Darrieussecq,",15 février 2022,1698,CONVENTIONS INTERNATIONALES,Article unique,ADOPTION EN PROCÉDURE ACCÉLÉRÉE D’UN PROJET DE LOI DANS LE TEXTE DE LA COMMISSION
252,Mme le président.,15 février 2022,1699,CONVENTIONS INTERNATIONALES,Article unique,ADOPTION EN PROCÉDURE ACCÉLÉRÉE D’UN PROJET DE LOI DANS LE TEXTE DE LA COMMISSION
253,"Mme Geneviève Darrieussecq,",15 février 2022,1699,CONVENTIONS INTERNATIONALES,Article unique,ADOPTION EN PROCÉDURE ACCÉLÉRÉE D’UN PROJET DE LOI DANS LE TEXTE DE LA COMMISSION
254,Mme le président.,15 février 2022,1700,CONVENTIONS INTERNATIONALES,Article unique,ADOPTION EN PROCÉDURE ACCÉLÉRÉE D’UN PROJET DE LOI DANS LE TEXTE DE LA COMMISSION
255,"M. Olivier Cadic,",15 février 2022,1700,CONVENTIONS INTERNATIONALES,Article unique,ADOPTION EN PROCÉDURE ACCÉLÉRÉE D’UN PROJET DE LOI DANS LE TEXTE DE LA COMMISSION
256,M. Bruno Sido.,15 février 2022,1700,CONVENTIONS INTERNATIONALES,Article unique,ADOPTION EN PROCÉDURE ACCÉLÉRÉE D’UN PROJET DE LOI DANS LE TEXTE DE LA COMMISSION
257,"M. Olivier Cadic,",15 février 2022,1700,CONVENTIONS INTERNATIONALES,Article unique,ADOPTION EN PROCÉDURE ACCÉLÉRÉE D’UN PROJET DE LOI DANS LE TEXTE DE LA COMMISSION
258,Mme le président.,15 février 2022,1701,CONVENTIONS INTERNATIONALES,Article unique,ADOPTION EN PROCÉDURE ACCÉLÉRÉE D’UN PROJET DE LOI DANS LE TEXTE DE LA COMMISSION
259,M. François Bonneau.,15 février 2022,1701,CONVENTIONS INTERNATIONALES,Article unique,ADOPTION EN PROCÉDURE ACCÉLÉRÉE D’UN PROJET DE LOI DANS LE TEXTE DE LA COMMISSION
260,Mme le président.,15 février 2022,1702,CONVENTIONS INTERNATIONALES,Article unique,ADOPTION EN PROCÉDURE ACCÉLÉRÉE D’UN PROJET DE LOI DANS LE TEXTE DE LA COMMISSION
261,M. Éric Gold.,15 février 2022,1702,CONVENTIONS INTERNATIONALES,Article unique,ADOPTION EN PROCÉDURE ACCÉLÉRÉE D’UN PROJET DE LOI DANS LE TEXTE DE LA COMMISSION
262,M. Pierre Ouzoulias.,15 février 2022,1703,CONVENTIONS INTERNATIONALES,Article unique,ADOPTION EN PROCÉDURE ACCÉLÉRÉE D’UN PROJET DE LOI DANS LE TEXTE DE LA COMMISSION
263,Mme le président.,15 février 2022,1703,CONVENTIONS INTERNATIONALES,Article unique,ADOPTION EN PROCÉDURE ACCÉLÉRÉE D’UN PROJET DE LOI DANS LE TEXTE DE LA COMMISSION
264,M. Mickaël Vallet.,15 février 2022,1703,CONVENTIONS INTERNATIONALES,Article unique,ADOPTION EN PROCÉDURE ACCÉLÉRÉE D’UN PROJET DE LOI DANS LE TEXTE DE LA COMMISSION
265,Mme le président.,15 février 2022,1703,CONVENTIONS INTERNATIONALES,Article unique,ADOPTION EN PROCÉDURE ACCÉLÉRÉE D’UN PROJET DE LOI DANS LE TEXTE DE LA COMMISSION
266,M. Xavier Iacovelli.,15 février 2022,1704,CONVENTIONS INTERNATIONALES,Article unique,ADOPTION EN PROCÉDURE ACCÉLÉRÉE D’UN PROJET DE LOI DANS LE TEXTE DE LA COMMISSION
267,Mme le président.,15 février 2022,1704,CONVENTIONS INTERNATIONALES,Article unique,ADOPTION EN PROCÉDURE ACCÉLÉRÉE D’UN PROJET DE LOI DANS LE TEXTE DE LA COMMISSION
268,M. Joël Guerriau.,15 février 2022,1704,CONVENTIONS INTERNATIONALES,Article unique,ADOPTION EN PROCÉDURE ACCÉLÉRÉE D’UN PROJET DE LOI DANS LE TEXTE DE LA COMMISSION
269,Mme le président.,15 février 2022,1705,CONVENTIONS INTERNATIONALES,Article unique,ADOPTION EN PROCÉDURE ACCÉLÉRÉE D’UN PROJET DE LOI DANS LE TEXTE DE LA COMMISSION
270,M. Gilbert Bouchet.,15 février 2022,1705,CONVENTIONS INTERNATIONALES,Article unique,ADOPTION EN PROCÉDURE ACCÉLÉRÉE D’UN PROJET DE LOI DANS LE TEXTE DE LA COMMISSION
271,Mme le président.,15 février 2022,1705,CONVENTIONS INTERNATIONALES,Article unique,ADOPTION EN PROCÉDURE ACCÉLÉRÉE D’UN PROJET DE LOI DANS LE TEXTE DE LA COMMISSION
272,M. Guillaume Gontard.,15 février 2022,1705,CONVENTIONS INTERNATIONALES,Article unique,ADOPTION EN PROCÉDURE ACCÉLÉRÉE D’UN PROJET DE LOI DANS LE TEXTE DE LA COMMISSION
273,Mme le président.,15 février 2022,1706,CONVENTIONS INTERNATIONALES,Article unique,ADOPTION EN PROCÉDURE ACCÉLÉRÉE D’UN PROJET DE LOI DANS LE TEXTE DE LA COMMISSION
274,Mme Michelle Gréaume.,15 février 2022,1706,CONVENTIONS INTERNATIONALES,Article unique,ADOPTION EN PROCÉDURE ACCÉLÉRÉE D’UN PROJET DE LOI DANS LE TEXTE DE LA COMMISSION
275,Mme Nathalie Goulet.,15 février 2022,1707,CONVENTIONS INTERNATIONALES,Article unique,PROJET DE LOI AUTORISANT L’APPROBATION DE L’ACCORD ENTRE LE GOUVERNEMENT DE LA RÉPUBLIQUE FRANÇAISE ET LE GOUVERNEMENT DE L’ÉTAT DU QATAR ÉTABLISSANT UN PARTENARIAT RELATIF À LA SÉCURITÉ DE LA COUPE DU MONDE DE FOOTBALL DE
276,Mme Michelle Gréaume.,15 février 2022,1707,CONVENTIONS INTERNATIONALES,Article unique,PROJET DE LOI AUTORISANT L’APPROBATION DE L’ACCORD ENTRE LE GOUVERNEMENT DE LA RÉPUBLIQUE FRANÇAISE ET LE GOUVERNEMENT DE L’ÉTAT DU QATAR ÉTABLISSANT UN PARTENARIAT RELATIF À LA SÉCURITÉ DE LA COUPE DU MONDE DE FOOTBALL DE
277,Mme le président.,15 février 2022,1707,CONVENTIONS INTERNATIONALES,Article unique,PROJET DE LOI AUTORISANT L’APPROBATION DE L’ACCORD ENTRE LE GOUVERNEMENT DE LA RÉPUBLIQUE FRANÇAISE ET LE GOUVERNEMENT DE L’ÉTAT DU QATAR ÉTABLISSANT UN PARTENARIAT RELATIF À LA SÉCURITÉ DE LA COUPE DU MONDE DE FOOTBALL DE
278,Mme le président.,15 février 2022,1707,CONVENTIONS INTERNATIONALES,Article unique,PROJET DE LOI AUTORISANT L’APPROBATION DE L’ACCORD ENTRE LE GOUVERNEMENT DE LA RÉPUBLIQUE FRANÇAISE ET LE GOUVERNEMENT DE L’ÉTAT DU QATAR ÉTABLISSANT UN PARTENARIAT RELATIF À LA SÉCURITÉ DE LA COUPE DU MONDE DE FOOTBALL DE
279,"M. Olivier Cadic,",15 février 2022,1707,CONVENTIONS INTERNATIONALES,Article unique,PROJET DE LOI AUTORISANT L’APPROBATION DE L’ACCORD ENTRE LE GOUVERNEMENT DE LA RÉPUBLIQUE FRANÇAISE ET LE GOUVERNEMENT DE L’ÉTAT DU QATAR ÉTABLISSANT UN PARTENARIAT RELATIF À LA SÉCURITÉ DE LA COUPE DU MONDE DE FOOTBALL DE
280,Mme le président.,15 février 2022,1707,CONVENTIONS INTERNATIONALES,Article unique,PROJET DE LOI AUTORISANT L’APPROBATION DE L’ACCORD ENTRE LE GOUVERNEMENT DE LA RÉPUBLIQUE FRANÇAISE ET LE GOUVERNEMENT DE L’ÉTAT DU QATAR ÉTABLISSANT UN PARTENARIAT RELATIF À LA SÉCURITÉ DE LA COUPE DU MONDE DE FOOTBALL DE
281,Mme Nathalie Goulet.,15 février 2022,1707,CONVENTIONS INTERNATIONALES,Article unique,PROJET DE LOI AUTORISANT L’APPROBATION DE L’ACCORD ENTRE LE GOUVERNEMENT DE LA RÉPUBLIQUE FRANÇAISE ET LE GOUVERNEMENT DE L’ÉTAT DU QATAR ÉTABLISSANT UN PARTENARIAT RELATIF À LA SÉCURITÉ DE LA COUPE DU MONDE DE FOOTBALL DE
282,Mme le président.,15 février 2022,1707,CONVENTIONS INTERNATIONALES,Article unique,PROJET DE LOI AUTORISANT L’APPROBATION DE L’ACCORD ENTRE LE GOUVERNEMENT DE LA RÉPUBLIQUE FRANÇAISE ET LE GOUVERNEMENT DE L’ÉTAT DU QATAR ÉTABLISSANT UN PARTENARIAT RELATIF À LA SÉCURITÉ DE LA COUPE DU MONDE DE FOOTBALL DE
283,Mme le président.,15 février 2022,1707,CONVENTIONS INTERNATIONALES,Article unique,PROJET DE LOI AUTORISANT L’APPROBATION DE L’ACCORD ENTRE LE GOUVERNEMENT DE LA RÉPUBLIQUE FRANÇAISE ET LE GOUVERNEMENT DE L’ÉTAT DU QATAR ÉTABLISSANT UN PARTENARIAT RELATIF À LA SÉCURITÉ DE LA COUPE DU MONDE DE FOOTBALL DE
284,Mme le président.,15 février 2022,1707,CONVENTIONS INTERNATIONALES,Article unique,PROJET DE LOI AUTORISANT L’APPROBATION DE L’ACCORD ENTRE LE GOUVERNEMENT DE LA RÉPUBLIQUE FRANÇAISE ET LE GOUVERNEMENT DE L’ÉTAT DU QATAR ÉTABLISSANT UN PARTENARIAT RELATIF À LA SÉCURITÉ DE LA COUPE DU MONDE DE FOOTBALL DE
285,Mme le président.,15 février 2022,1708,CONVENTIONS INTERNATIONALES,Article unique,ADOPTION DÉFINITIVE DES CONCLUSIONS D’UNE COMMISSION MIXTE PARITAIRE SUR UN PROJET DE LOI
286,"Mme Marie-Pierre Richer,",15 février 2022,1708,CONVENTIONS INTERNATIONALES,Article unique,ADOPTION DÉFINITIVE DES CONCLUSIONS D’UNE COMMISSION MIXTE PARITAIRE SUR UN PROJET DE LOI
287,Mme le président.,15 février 2022,1708,CONVENTIONS INTERNATIONALES,Article unique,ADOPTION DÉFINITIVE DES CONCLUSIONS D’UNE COMMISSION MIXTE PARITAIRE SUR UN PROJET DE LOI
288,"Mme Geneviève Darrieussecq,",15 février 2022,1709,CONVENTIONS INTERNATIONALES,Article unique,ADOPTION DÉFINITIVE DES CONCLUSIONS D’UNE COMMISSION MIXTE PARITAIRE SUR UN PROJET DE LOI
289,Mme le président.,15 février 2022,1710,CONVENTIONS INTERNATIONALES,Article unique,PROJET DE LOI PORTANT RECONNAISSANCE DE LA NATION ENVERS LES HARKIS ET LES AUTRES PERSONNES RAPATRIÉES D’ALGÉRIE ANCIENNEMENT DE STATUT CIVIL DE DROIT LOCAL ET RÉPARATION DES PRÉJUDICES SUBIS PAR CEUX-CI ET LEURS FAMILLES DU FAIT DE L’INDIGNITÉ DE LEURS CONDITIONS D’ACCUEIL ET DE VIE DANS CERTAINES STRUCTURES SUR LE TERRITOIRE FRANÇAIS
290,Mme le président.,15 février 2022,1712,CONVENTIONS INTERNATIONALES,Article 8 (Supprimé),PROJET DE LOI PORTANT RECONNAISSANCE DE LA NATION ENVERS LES HARKIS ET LES AUTRES PERSONNES RAPATRIÉES D’ALGÉRIE ANCIENNEMENT DE STATUT CIVIL DE DROIT LOCAL ET RÉPARATION DES PRÉJUDICES SUBIS PAR CEUX-CI ET LEURS FAMILLES DU FAIT DE L’INDIGNITÉ DE LEURS CONDITIONS D’ACCUEIL ET DE VIE DANS CERTAINES STRUCTURES SUR LE TERRITOIRE FRANÇAIS
291,Mme le président.,15 février 2022,1712,CONVENTIONS INTERNATIONALES,Article 8 (Supprimé),PROJET DE LOI PORTANT RECONNAISSANCE DE LA NATION ENVERS LES HARKIS ET LES AUTRES PERSONNES RAPATRIÉES D’ALGÉRIE ANCIENNEMENT DE STATUT CIVIL DE DROIT LOCAL ET RÉPARATION DES PRÉJUDICES SUBIS PAR CEUX-CI ET LEURS FAMILLES DU FAIT DE L’INDIGNITÉ DE LEURS CONDITIONS D’ACCUEIL ET DE VIE DANS CERTAINES STRUCTURES SUR LE TERRITOIRE FRANÇAIS
292,M. Jean-Claude Requier.,15 février 2022,1712,CONVENTIONS INTERNATIONALES,Article 8 (Supprimé),PROJET DE LOI PORTANT RECONNAISSANCE DE LA NATION ENVERS LES HARKIS ET LES AUTRES PERSONNES RAPATRIÉES D’ALGÉRIE ANCIENNEMENT DE STATUT CIVIL DE DROIT LOCAL ET RÉPARATION DES PRÉJUDICES SUBIS PAR CEUX-CI ET LEURS FAMILLES DU FAIT DE L’INDIGNITÉ DE LEURS CONDITIONS D’ACCUEIL ET DE VIE DANS CERTAINES STRUCTURES SUR LE TERRITOIRE FRANÇAIS
293,Mme le président.,15 février 2022,1713,CONVENTIONS INTERNATIONALES,Article 8 (Supprimé),PROJET DE LOI PORTANT RECONNAISSANCE DE LA NATION ENVERS LES HARKIS ET LES AUTRES PERSONNES RAPATRIÉES D’ALGÉRIE ANCIENNEMENT DE STATUT CIVIL DE DROIT LOCAL ET RÉPARATION DES PRÉJUDICES SUBIS PAR CEUX-CI ET LEURS FAMILLES DU FAIT DE L’INDIGNITÉ DE LEURS CONDITIONS D’ACCUEIL ET DE VIE DANS CERTAINES STRUCTURES SUR LE TERRITOIRE FRANÇAIS
294,M. Jean Louis Masson.,15 février 2022,1713,CONVENTIONS INTERNATIONALES,Article 8 (Supprimé),PROJET DE LOI PORTANT RECONNAISSANCE DE LA NATION ENVERS LES HARKIS ET LES AUTRES PERSONNES RAPATRIÉES D’ALGÉRIE ANCIENNEMENT DE STATUT CIVIL DE DROIT LOCAL ET RÉPARATION DES PRÉJUDICES SUBIS PAR CEUX-CI ET LEURS FAMILLES DU FAIT DE L’INDIGNITÉ DE LEURS CONDITIONS D’ACCUEIL ET DE VIE DANS CERTAINES STRUCTURES SUR LE TERRITOIRE FRANÇAIS
295,Mme le président.,15 février 2022,1713,CONVENTIONS INTERNATIONALES,Article 8 (Supprimé),PROJET DE LOI PORTANT RECONNAISSANCE DE LA NATION ENVERS LES HARKIS ET LES AUTRES PERSONNES RAPATRIÉES D’ALGÉRIE ANCIENNEMENT DE STATUT CIVIL DE DROIT LOCAL ET RÉPARATION DES PRÉJUDICES SUBIS PAR CEUX-CI ET LEURS FAMILLES DU FAIT DE L’INDIGNITÉ DE LEURS CONDITIONS D’ACCUEIL ET DE VIE DANS CERTAINES STRUCTURES SUR LE TERRITOIRE FRANÇAIS
296,Mme Émilienne Poumirol.,15 février 2022,1713,CONVENTIONS INTERNATIONALES,Article 8 (Supprimé),PROJET DE LOI PORTANT RECONNAISSANCE DE LA NATION ENVERS LES HARKIS ET LES AUTRES PERSONNES RAPATRIÉES D’ALGÉRIE ANCIENNEMENT DE STATUT CIVIL DE DROIT LOCAL ET RÉPARATION DES PRÉJUDICES SUBIS PAR CEUX-CI ET LEURS FAMILLES DU FAIT DE L’INDIGNITÉ DE LEURS CONDITIONS D’ACCUEIL ET DE VIE DANS CERTAINES STRUCTURES SUR LE TERRITOIRE FRANÇAIS
297,Mme le président.,15 février 2022,1714,CONVENTIONS INTERNATIONALES,Article 8 (Supprimé),PROJET DE LOI PORTANT RECONNAISSANCE DE LA NATION ENVERS LES HARKIS ET LES AUTRES PERSONNES RAPATRIÉES D’ALGÉRIE ANCIENNEMENT DE STATUT CIVIL DE DROIT LOCAL ET RÉPARATION DES PRÉJUDICES SUBIS PAR CEUX-CI ET LEURS FAMILLES DU FAIT DE L’INDIGNITÉ DE LEURS CONDITIONS D’ACCUEIL ET DE VIE DANS CERTAINES STRUCTURES SUR LE TERRITOIRE FRANÇAIS
298,M. Xavier Iacovelli.,15 février 2022,1714,CONVENTIONS INTERNATIONALES,Article 8 (Supprimé),PROJET DE LOI PORTANT RECONNAISSANCE DE LA NATION ENVERS LES HARKIS ET LES AUTRES PERSONNES RAPATRIÉES D’ALGÉRIE ANCIENNEMENT DE STATUT CIVIL DE DROIT LOCAL ET RÉPARATION DES PRÉJUDICES SUBIS PAR CEUX-CI ET LEURS FAMILLES DU FAIT DE L’INDIGNITÉ DE LEURS CONDITIONS D’ACCUEIL ET DE VIE DANS CERTAINES STRUCTURES SUR LE TERRITOIRE FRANÇAIS
299,Mme le président.,15 février 2022,1714,CONVENTIONS INTERNATIONALES,Article 8 (Supprimé),PROJET DE LOI PORTANT RECONNAISSANCE DE LA NATION ENVERS LES HARKIS ET LES AUTRES PERSONNES RAPATRIÉES D’ALGÉRIE ANCIENNEMENT DE STATUT CIVIL DE DROIT LOCAL ET RÉPARATION DES PRÉJUDICES SUBIS PAR CEUX-CI ET LEURS FAMILLES DU FAIT DE L’INDIGNITÉ DE LEURS CONDITIONS D’ACCUEIL ET DE VIE DANS CERTAINES STRUCTURES SUR LE TERRITOIRE FRANÇAIS
300,M. Joël Guerriau.,15 février 2022,1714,CONVENTIONS INTERNATIONALES,Article 8 (Supprimé),PROJET DE LOI PORTANT RECONNAISSANCE DE LA NATION ENVERS LES HARKIS ET LES AUTRES PERSONNES RAPATRIÉES D’ALGÉRIE ANCIENNEMENT DE STATUT CIVIL DE DROIT LOCAL ET RÉPARATION DES PRÉJUDICES SUBIS PAR CEUX-CI ET LEURS FAMILLES DU FAIT DE L’INDIGNITÉ DE LEURS CONDITIONS D’ACCUEIL ET DE VIE DANS CERTAINES STRUCTURES SUR LE TERRITOIRE FRANÇAIS
301,Mme le président.,15 février 2022,1715,CONVENTIONS INTERNATIONALES,Article 8 (Supprimé),PROJET DE LOI PORTANT RECONNAISSANCE DE LA NATION ENVERS LES HARKIS ET LES AUTRES PERSONNES RAPATRIÉES D’ALGÉRIE ANCIENNEMENT DE STATUT CIVIL DE DROIT LOCAL ET RÉPARATION DES PRÉJUDICES SUBIS PAR CEUX-CI ET LEURS FAMILLES DU FAIT DE L’INDIGNITÉ DE LEURS CONDITIONS D’ACCUEIL ET DE VIE DANS CERTAINES STRUCTURES SUR LE TERRITOIRE FRANÇAIS
302,M. Laurent Burgoa.,15 février 2022,1715,CONVENTIONS INTERNATIONALES,Article 8 (Supprimé),PROJET DE LOI PORTANT RECONNAISSANCE DE LA NATION ENVERS LES HARKIS ET LES AUTRES PERSONNES RAPATRIÉES D’ALGÉRIE ANCIENNEMENT DE STATUT CIVIL DE DROIT LOCAL ET RÉPARATION DES PRÉJUDICES SUBIS PAR CEUX-CI ET LEURS FAMILLES DU FAIT DE L’INDIGNITÉ DE LEURS CONDITIONS D’ACCUEIL ET DE VIE DANS CERTAINES STRUCTURES SUR LE TERRITOIRE FRANÇAIS
303,Mme le président.,15 février 2022,1716,CONVENTIONS INTERNATIONALES,Article 8 (Supprimé),PROJET DE LOI PORTANT RECONNAISSANCE DE LA NATION ENVERS LES HARKIS ET LES AUTRES PERSONNES RAPATRIÉES D’ALGÉRIE ANCIENNEMENT DE STATUT CIVIL DE DROIT LOCAL ET RÉPARATION DES PRÉJUDICES SUBIS PAR CEUX-CI ET LEURS FAMILLES DU FAIT DE L’INDIGNITÉ DE LEURS CONDITIONS D’ACCUEIL ET DE VIE DANS CERTAINES STRUCTURES SUR LE TERRITOIRE FRANÇAIS
304,M. Guy Benarroche.,15 février 2022,1716,CONVENTIONS INTERNATIONALES,Article 8 (Supprimé),PROJET DE LOI PORTANT RECONNAISSANCE DE LA NATION ENVERS LES HARKIS ET LES AUTRES PERSONNES RAPATRIÉES D’ALGÉRIE ANCIENNEMENT DE STATUT CIVIL DE DROIT LOCAL ET RÉPARATION DES PRÉJUDICES SUBIS PAR CEUX-CI ET LEURS FAMILLES DU FAIT DE L’INDIGNITÉ DE LEURS CONDITIONS D’ACCUEIL ET DE VIE DANS CERTAINES STRUCTURES SUR LE TERRITOIRE FRANÇAIS
305,Mme le président.,15 février 2022,1717,CONVENTIONS INTERNATIONALES,Article 8 (Supprimé),PROJET DE LOI PORTANT RECONNAISSANCE DE LA NATION ENVERS LES HARKIS ET LES AUTRES PERSONNES RAPATRIÉES D’ALGÉRIE ANCIENNEMENT DE STATUT CIVIL DE DROIT LOCAL ET RÉPARATION DES PRÉJUDICES SUBIS PAR CEUX-CI ET LEURS FAMILLES DU FAIT DE L’INDIGNITÉ DE LEURS CONDITIONS D’ACCUEIL ET DE VIE DANS CERTAINES STRUCTURES SUR LE TERRITOIRE FRANÇAIS
306,Mme Michelle Gréaume.,15 février 2022,1717,CONVENTIONS INTERNATIONALES,Article 8 (Supprimé),PROJET DE LOI PORTANT RECONNAISSANCE DE LA NATION ENVERS LES HARKIS ET LES AUTRES PERSONNES RAPATRIÉES D’ALGÉRIE ANCIENNEMENT DE STATUT CIVIL DE DROIT LOCAL ET RÉPARATION DES PRÉJUDICES SUBIS PAR CEUX-CI ET LEURS FAMILLES DU FAIT DE L’INDIGNITÉ DE LEURS CONDITIONS D’ACCUEIL ET DE VIE DANS CERTAINES STRUCTURES SUR LE TERRITOIRE FRANÇAIS
307,Mme le président.,15 février 2022,1717,CONVENTIONS INTERNATIONALES,Article 8 (Supprimé),PROJET DE LOI PORTANT RECONNAISSANCE DE LA NATION ENVERS LES HARKIS ET LES AUTRES PERSONNES RAPATRIÉES D’ALGÉRIE ANCIENNEMENT DE STATUT CIVIL DE DROIT LOCAL ET RÉPARATION DES PRÉJUDICES SUBIS PAR CEUX-CI ET LEURS FAMILLES DU FAIT DE L’INDIGNITÉ DE LEURS CONDITIONS D’ACCUEIL ET DE VIE DANS CERTAINES STRUCTURES SUR LE TERRITOIRE FRANÇAIS
308,Mme Jocelyne Guidez.,15 février 2022,1717,CONVENTIONS INTERNATIONALES,Article 8 (Supprimé),PROJET DE LOI PORTANT RECONNAISSANCE DE LA NATION ENVERS LES HARKIS ET LES AUTRES PERSONNES RAPATRIÉES D’ALGÉRIE ANCIENNEMENT DE STATUT CIVIL DE DROIT LOCAL ET RÉPARATION DES PRÉJUDICES SUBIS PAR CEUX-CI ET LEURS FAMILLES DU FAIT DE L’INDIGNITÉ DE LEURS CONDITIONS D’ACCUEIL ET DE VIE DANS CERTAINES STRUCTURES SUR LE TERRITOIRE FRANÇAIS
309,Mme le président.,15 février 2022,1718,CONVENTIONS INTERNATIONALES,Article 8 (Supprimé),PROJET DE LOI PORTANT RECONNAISSANCE DE LA NATION ENVERS LES HARKIS ET LES AUTRES PERSONNES RAPATRIÉES D’ALGÉRIE ANCIENNEMENT DE STATUT CIVIL DE DROIT LOCAL ET RÉPARATION DES PRÉJUDICES SUBIS PAR CEUX-CI ET LEURS FAMILLES DU FAIT DE L’INDIGNITÉ DE LEURS CONDITIONS D’ACCUEIL ET DE VIE DANS CERTAINES STRUCTURES SUR LE TERRITOIRE FRANÇAIS
310,Mme Jocelyne Guidez.,15 février 2022,1718,CONVENTIONS INTERNATIONALES,Article 8 (Supprimé),PROJET DE LOI PORTANT RECONNAISSANCE DE LA NATION ENVERS LES HARKIS ET LES AUTRES PERSONNES RAPATRIÉES D’ALGÉRIE ANCIENNEMENT DE STATUT CIVIL DE DROIT LOCAL ET RÉPARATION DES PRÉJUDICES SUBIS PAR CEUX-CI ET LEURS FAMILLES DU FAIT DE L’INDIGNITÉ DE LEURS CONDITIONS D’ACCUEIL ET DE VIE DANS CERTAINES STRUCTURES SUR LE TERRITOIRE FRANÇAIS
311,Mme le président.,15 février 2022,1718,CONVENTIONS INTERNATIONALES,Article 8 (Supprimé),PROJET DE LOI PORTANT RECONNAISSANCE DE LA NATION ENVERS LES HARKIS ET LES AUTRES PERSONNES RAPATRIÉES D’ALGÉRIE ANCIENNEMENT DE STATUT CIVIL DE DROIT LOCAL ET RÉPARATION DES PRÉJUDICES SUBIS PAR CEUX-CI ET LEURS FAMILLES DU FAIT DE L’INDIGNITÉ DE LEURS CONDITIONS D’ACCUEIL ET DE VIE DANS CERTAINES STRUCTURES SUR LE TERRITOIRE FRANÇAIS
312,Mme Jocelyne Guidez.,15 février 2022,1718,CONVENTIONS INTERNATIONALES,Article 8 (Supprimé),PROJET DE LOI PORTANT RECONNAISSANCE DE LA NATION ENVERS LES HARKIS ET LES AUTRES PERSONNES RAPATRIÉES D’ALGÉRIE ANCIENNEMENT DE STATUT CIVIL DE DROIT LOCAL ET RÉPARATION DES PRÉJUDICES SUBIS PAR CEUX-CI ET LEURS FAMILLES DU FAIT DE L’INDIGNITÉ DE LEURS CONDITIONS D’ACCUEIL ET DE VIE DANS CERTAINES STRUCTURES SUR LE TERRITOIRE FRANÇAIS
313,Mme le président.,15 février 2022,1718,CONVENTIONS INTERNATIONALES,Article 8 (Supprimé),PROJET DE LOI PORTANT RECONNAISSANCE DE LA NATION ENVERS LES HARKIS ET LES AUTRES PERSONNES RAPATRIÉES D’ALGÉRIE ANCIENNEMENT DE STATUT CIVIL DE DROIT LOCAL ET RÉPARATION DES PRÉJUDICES SUBIS PAR CEUX-CI ET LEURS FAMILLES DU FAIT DE L’INDIGNITÉ DE LEURS CONDITIONS D’ACCUEIL ET DE VIE DANS CERTAINES STRUCTURES SUR LE TERRITOIRE FRANÇAIS
314,Mme le président.,15 février 2022,1718,CONVENTIONS INTERNATIONALES,Article 8 (Supprimé),PROJET DE LOI PORTANT RECONNAISSANCE DE LA NATION ENVERS LES HARKIS ET LES AUTRES PERSONNES RAPATRIÉES D’ALGÉRIE ANCIENNEMENT DE STATUT CIVIL DE DROIT LOCAL ET RÉPARATION DES PRÉJUDICES SUBIS PAR CEUX-CI ET LEURS FAMILLES DU FAIT DE L’INDIGNITÉ DE LEURS CONDITIONS D’ACCUEIL ET DE VIE DANS CERTAINES STRUCTURES SUR LE TERRITOIRE FRANÇAIS
315,Mme le président.,15 février 2022,1719,CONVENTIONS INTERNATIONALES,Article 8 (Supprimé),ADOPTION EN PROCÉDURE ACCÉLÉRÉE D’UNE PROPOSITION DE LOI DANS LE TEXTE DE LA COMMISSION MODIFIÉ
316,Mme le président.,15 février 2022,1719,CONVENTIONS INTERNATIONALES,Article 8 (Supprimé),ADOPTION EN PROCÉDURE ACCÉLÉRÉE D’UNE PROPOSITION DE LOI DANS LE TEXTE DE LA COMMISSION MODIFIÉ
317,Mme le président.,15 février 2022,1719,CONVENTIONS INTERNATIONALES,Article 8 (Supprimé),ADOPTION EN PROCÉDURE ACCÉLÉRÉE D’UNE PROPOSITION DE LOI DANS LE TEXTE DE LA COMMISSION MODIFIÉ
318,Mme le président.,15 février 2022,1719,CONVENTIONS INTERNATIONALES,Article 8 (Supprimé),ADOPTION EN PROCÉDURE ACCÉLÉRÉE D’UNE PROPOSITION DE LOI DANS LE TEXTE DE LA COMMISSION MODIFIÉ
319,Mme le président.,15 février 2022,1719,CONVENTIONS INTERNATIONALES,Article 8 (Supprimé),ADOPTION EN PROCÉDURE ACCÉLÉRÉE D’UNE PROPOSITION DE LOI DANS LE TEXTE DE LA COMMISSION MODIFIÉ
320,"M. Éric Dupond-Moretti,",15 février 2022,1719,CONVENTIONS INTERNATIONALES,Article 8 (Supprimé),ADOPTION EN PROCÉDURE ACCÉLÉRÉE D’UNE PROPOSITION DE LOI DANS LE TEXTE DE LA COMMISSION MODIFIÉ
321,M. François Bonhomme.,15 février 2022,1720,CONVENTIONS INTERNATIONALES,Article 8 (Supprimé),ADOPTION EN PROCÉDURE ACCÉLÉRÉE D’UNE PROPOSITION DE LOI DANS LE TEXTE DE LA COMMISSION MODIFIÉ
322,"M. Éric Dupond-Moretti,",15 février 2022,1720,CONVENTIONS INTERNATIONALES,Article 8 (Supprimé),ADOPTION EN PROCÉDURE ACCÉLÉRÉE D’UNE PROPOSITION DE LOI DANS LE TEXTE DE LA COMMISSION MODIFIÉ
323,Mme le président.,15 février 2022,1721,CONVENTIONS INTERNATIONALES,Article 8 (Supprimé),ADOPTION EN PROCÉDURE ACCÉLÉRÉE D’UNE PROPOSITION DE LOI DANS LE TEXTE DE LA COMMISSION MODIFIÉ
324,"Mme Marie Mercier,",15 février 2022,1721,CONVENTIONS INTERNATIONALES,Article 8 (Supprimé),ADOPTION EN PROCÉDURE ACCÉLÉRÉE D’UNE PROPOSITION DE LOI DANS LE TEXTE DE LA COMMISSION MODIFIÉ
325,Mme le président.,15 février 2022,1722,CONVENTIONS INTERNATIONALES,Article 8 (Supprimé),ADOPTION EN PROCÉDURE ACCÉLÉRÉE D’UNE PROPOSITION DE LOI DANS LE TEXTE DE LA COMMISSION MODIFIÉ
326,Mme Esther Benbassa.,15 février 2022,1722,CONVENTIONS INTERNATIONALES,Article 8 (Supprimé),ADOPTION EN PROCÉDURE ACCÉLÉRÉE D’UNE PROPOSITION DE LOI DANS LE TEXTE DE LA COMMISSION MODIFIÉ
327,Mme le président.,15 février 2022,1723,CONVENTIONS INTERNATIONALES,Article 8 (Supprimé),ADOPTION EN PROCÉDURE ACCÉLÉRÉE D’UNE PROPOSITION DE LOI DANS LE TEXTE DE LA COMMISSION MODIFIÉ
328,M. Hussein Bourgi.,15 février 2022,1723,CONVENTIONS INTERNATIONALES,Article 8 (Supprimé),ADOPTION EN PROCÉDURE ACCÉLÉRÉE D’UNE PROPOSITION DE LOI DANS LE TEXTE DE LA COMMISSION MODIFIÉ
329,Mme le président.,15 février 2022,1724,CONVENTIONS INTERNATIONALES,Article 8 (Supprimé),ADOPTION EN PROCÉDURE ACCÉLÉRÉE D’UNE PROPOSITION DE LOI DANS LE TEXTE DE LA COMMISSION MODIFIÉ
330,M. Thani Mohamed Soilihi.,15 février 2022,1724,CONVENTIONS INTERNATIONALES,Article 8 (Supprimé),ADOPTION EN PROCÉDURE ACCÉLÉRÉE D’UNE PROPOSITION DE LOI DANS LE TEXTE DE LA COMMISSION MODIFIÉ
331,Mme le président.,15 février 2022,1725,CONVENTIONS INTERNATIONALES,Article 8 (Supprimé),ADOPTION EN PROCÉDURE ACCÉLÉRÉE D’UNE PROPOSITION DE LOI DANS LE TEXTE DE LA COMMISSION MODIFIÉ
332,M. Joël Guerriau.,15 février 2022,1725,CONVENTIONS INTERNATIONALES,Article 8 (Supprimé),ADOPTION EN PROCÉDURE ACCÉLÉRÉE D’UNE PROPOSITION DE LOI DANS LE TEXTE DE LA COMMISSION MODIFIÉ
333,Mme le président.,15 février 2022,1725,CONVENTIONS INTERNATIONALES,Article 8 (Supprimé),ADOPTION EN PROCÉDURE ACCÉLÉRÉE D’UNE PROPOSITION DE LOI DANS LE TEXTE DE LA COMMISSION MODIFIÉ
334,Mme Catherine Belrhiti.,15 février 2022,1726,CONVENTIONS INTERNATIONALES,Article 8 (Supprimé),ADOPTION EN PROCÉDURE ACCÉLÉRÉE D’UNE PROPOSITION DE LOI DANS LE TEXTE DE LA COMMISSION MODIFIÉ
335,Mme le président.,15 février 2022,1726,CONVENTIONS INTERNATIONALES,Article 8 (Supprimé),ADOPTION EN PROCÉDURE ACCÉLÉRÉE D’UNE PROPOSITION DE LOI DANS LE TEXTE DE LA COMMISSION MODIFIÉ
336,Mme Mélanie Vogel.,15 février 2022,1726,CONVENTIONS INTERNATIONALES,Article 8 (Supprimé),ADOPTION EN PROCÉDURE ACCÉLÉRÉE D’UNE PROPOSITION DE LOI DANS LE TEXTE DE LA COMMISSION MODIFIÉ
337,Mme le président.,15 février 2022,1727,CONVENTIONS INTERNATIONALES,Article 8 (Supprimé),ADOPTION EN PROCÉDURE ACCÉLÉRÉE D’UNE PROPOSITION DE LOI DANS LE TEXTE DE LA COMMISSION MODIFIÉ
338,Mme Éliane Assassi.,15 février 2022,1727,CONVENTIONS INTERNATIONALES,Article 8 (Supprimé),ADOPTION EN PROCÉDURE ACCÉLÉRÉE D’UNE PROPOSITION DE LOI DANS LE TEXTE DE LA COMMISSION MODIFIÉ
339,Mme le président.,15 février 2022,1728,CONVENTIONS INTERNATIONALES,Article 8 (Supprimé),ADOPTION EN PROCÉDURE ACCÉLÉRÉE D’UNE PROPOSITION DE LOI DANS LE TEXTE DE LA COMMISSION MODIFIÉ
340,Mme Dominique Vérien.,15 février 2022,1728,CONVENTIONS INTERNATIONALES,Article 8 (Supprimé),ADOPTION EN PROCÉDURE ACCÉLÉRÉE D’UNE PROPOSITION DE LOI DANS LE TEXTE DE LA COMMISSION MODIFIÉ
341,Mme le président.,15 février 2022,1729,CONVENTIONS INTERNATIONALES,Article 8 (Supprimé),ADOPTION EN PROCÉDURE ACCÉLÉRÉE D’UNE PROPOSITION DE LOI DANS LE TEXTE DE LA COMMISSION MODIFIÉ
342,M. Henri Cabanel.,15 février 2022,1729,CONVENTIONS INTERNATIONALES,Article 8 (Supprimé),ADOPTION EN PROCÉDURE ACCÉLÉRÉE D’UNE PROPOSITION DE LOI DANS LE TEXTE DE LA COMMISSION MODIFIÉ
343,Mme le président.,15 février 2022,1729,CONVENTIONS INTERNATIONALES,Article 8 (Supprimé),ADOPTION EN PROCÉDURE ACCÉLÉRÉE D’UNE PROPOSITION DE LOI DANS LE TEXTE DE LA COMMISSION MODIFIÉ
344,M. Olivier Paccaud.,15 février 2022,1729,CONVENTIONS INTERNATIONALES,Article 8 (Supprimé),ADOPTION EN PROCÉDURE ACCÉLÉRÉE D’UNE PROPOSITION DE LOI DANS LE TEXTE DE LA COMMISSION MODIFIÉ
345,Mme le président.,15 février 2022,1730,CONVENTIONS INTERNATIONALES,Article 8 (Supprimé),ADOPTION EN PROCÉDURE ACCÉLÉRÉE D’UNE PROPOSITION DE LOI DANS LE TEXTE DE LA COMMISSION MODIFIÉ
346,"M. Éric Dupond-Moretti,",15 février 2022,1730,CONVENTIONS INTERNATIONALES,Article 8 (Supprimé),ADOPTION EN PROCÉDURE ACCÉLÉRÉE D’UNE PROPOSITION DE LOI DANS LE TEXTE DE LA COMMISSION MODIFIÉ
347,Mme Catherine Belrhiti.,15 février 2022,1730,CONVENTIONS INTERNATIONALES,Article 8 (Supprimé),ADOPTION EN PROCÉDURE ACCÉLÉRÉE D’UNE PROPOSITION DE LOI DANS LE TEXTE DE LA COMMISSION MODIFIÉ
348,"M. Éric Dupond-Moretti,",15 février 2022,1730,CONVENTIONS INTERNATIONALES,Article 8 (Supprimé),ADOPTION EN PROCÉDURE ACCÉLÉRÉE D’UNE PROPOSITION DE LOI DANS LE TEXTE DE LA COMMISSION MODIFIÉ
349,Mme Catherine Belrhiti.,15 février 2022,1730,CONVENTIONS INTERNATIONALES,Article 8 (Supprimé),ADOPTION EN PROCÉDURE ACCÉLÉRÉE D’UNE PROPOSITION DE LOI DANS LE TEXTE DE LA COMMISSION MODIFIÉ
350,"M. Éric Dupond-Moretti,",15 février 2022,1730,CONVENTIONS INTERNATIONALES,Article 8 (Supprimé),ADOPTION EN PROCÉDURE ACCÉLÉRÉE D’UNE PROPOSITION DE LOI DANS LE TEXTE DE LA COMMISSION MODIFIÉ
351,Mme Catherine Belrhiti.,15 février 2022,1731,CONVENTIONS INTERNATIONALES,Article 8 (Supprimé),PROPOSITION DE LOI RELATIVE AU CHOIX DU NOM ISSU DE LA FILIATION
352,"M. Éric Dupond-Moretti,",15 février 2022,1731,CONVENTIONS INTERNATIONALES,Article 8 (Supprimé),PROPOSITION DE LOI RELATIVE AU CHOIX DU NOM ISSU DE LA FILIATION
353,Mme Catherine Belrhiti.,15 février 2022,1731,CONVENTIONS INTERNATIONALES,Article 8 (Supprimé),PROPOSITION DE LOI RELATIVE AU CHOIX DU NOM ISSU DE LA FILIATION
354,"M. Éric Dupond-Moretti,",15 février 2022,1731,CONVENTIONS INTERNATIONALES,Article 8 (Supprimé),PROPOSITION DE LOI RELATIVE AU CHOIX DU NOM ISSU DE LA FILIATION
355,"Mme Marie Mercier,",15 février 2022,1731,CONVENTIONS INTERNATIONALES,Article 8 (Supprimé),PROPOSITION DE LOI RELATIVE AU CHOIX DU NOM ISSU DE LA FILIATION
356,"M. Éric Dupond-Moretti,",15 février 2022,1731,CONVENTIONS INTERNATIONALES,Article 8 (Supprimé),PROPOSITION DE LOI RELATIVE AU CHOIX DU NOM ISSU DE LA FILIATION
357,Mme le président.,15 février 2022,1731,CONVENTIONS INTERNATIONALES,Article 8 (Supprimé),PROPOSITION DE LOI RELATIVE AU CHOIX DU NOM ISSU DE LA FILIATION
358,Mme le président.,15 février 2022,1731,CONVENTIONS INTERNATIONALES,Article 1er,PROPOSITION DE LOI RELATIVE AU CHOIX DU NOM ISSU DE LA FILIATION
359,M. Jean-Pierre Grand.,15 février 2022,1731,CONVENTIONS INTERNATIONALES,Article 1er,PROPOSITION DE LOI RELATIVE AU CHOIX DU NOM ISSU DE LA FILIATION
360,M. Vincent Segouin.,15 février 2022,1731,CONVENTIONS INTERNATIONALES,Article 1er,PROPOSITION DE LOI RELATIVE AU CHOIX DU NOM ISSU DE LA FILIATION
361,M. Jean-Pierre Grand.,15 février 2022,1731,CONVENTIONS INTERNATIONALES,Article 1er,PROPOSITION DE LOI RELATIVE AU CHOIX DU NOM ISSU DE LA FILIATION
362,Mme le président.,15 février 2022,1732,CONVENTIONS INTERNATIONALES,Article 1er,PROPOSITION DE LOI RELATIVE AU CHOIX DU NOM ISSU DE LA FILIATION
363,Mme Mélanie Vogel.,15 février 2022,1732,CONVENTIONS INTERNATIONALES,Article 1er,PROPOSITION DE LOI RELATIVE AU CHOIX DU NOM ISSU DE LA FILIATION
364,Mme le président.,15 février 2022,1732,CONVENTIONS INTERNATIONALES,Article 1er,PROPOSITION DE LOI RELATIVE AU CHOIX DU NOM ISSU DE LA FILIATION
365,"M. Éric Dupond-Moretti,",15 février 2022,1732,CONVENTIONS INTERNATIONALES,Article 1er,PROPOSITION DE LOI RELATIVE AU CHOIX DU NOM ISSU DE LA FILIATION
366,"M. François-Noël Buffet,",15 février 2022,1732,CONVENTIONS INTERNATIONALES,Article 1er,PROPOSITION DE LOI RELATIVE AU CHOIX DU NOM ISSU DE LA FILIATION
367,"Mme Marie Mercier,",15 février 2022,1732,CONVENTIONS INTERNATIONALES,Article 1er,PROPOSITION DE LOI RELATIVE AU CHOIX DU NOM ISSU DE LA FILIATION
368,"M. Éric Dupond-Moretti,",15 février 2022,1732,CONVENTIONS INTERNATIONALES,Article 1er,PROPOSITION DE LOI RELATIVE AU CHOIX DU NOM ISSU DE LA FILIATION
369,Mme le président.,15 février 2022,1733,CONVENTIONS INTERNATIONALES,Article 1er,PROPOSITION DE LOI RELATIVE AU CHOIX DU NOM ISSU DE LA FILIATION
370,M. Thani Mohamed Soilihi.,15 février 2022,1733,CONVENTIONS INTERNATIONALES,Article 1er,PROPOSITION DE LOI RELATIVE AU CHOIX DU NOM ISSU DE LA FILIATION
371,Mme le président.,15 février 2022,1733,CONVENTIONS INTERNATIONALES,Article 1er,PROPOSITION DE LOI RELATIVE AU CHOIX DU NOM ISSU DE LA FILIATION
372,"Mme Marie Mercier,",15 février 2022,1733,CONVENTIONS INTERNATIONALES,Article 1er,PROPOSITION DE LOI RELATIVE AU CHOIX DU NOM ISSU DE LA FILIATION
373,Mme le président.,15 février 2022,1733,CONVENTIONS INTERNATIONALES,Article 1er,PROPOSITION DE LOI RELATIVE AU CHOIX DU NOM ISSU DE LA FILIATION
374,M. Hussein Bourgi.,15 février 2022,1733,CONVENTIONS INTERNATIONALES,Article 1er,PROPOSITION DE LOI RELATIVE AU CHOIX DU NOM ISSU DE LA FILIATION
375,Mme le président.,15 février 2022,1733,CONVENTIONS INTERNATIONALES,Article 1er,PROPOSITION DE LOI RELATIVE AU CHOIX DU NOM ISSU DE LA FILIATION
376,M. Olivier Paccaud.,15 février 2022,1733,CONVENTIONS INTERNATIONALES,Article 1er,PROPOSITION DE LOI RELATIVE AU CHOIX DU NOM ISSU DE LA FILIATION
377,Mme le président.,15 février 2022,1733,CONVENTIONS INTERNATIONALES,Article 1er,PROPOSITION DE LOI RELATIVE AU CHOIX DU NOM ISSU DE LA FILIATION
378,Mme Mélanie Vogel.,15 février 2022,1733,CONVENTIONS INTERNATIONALES,Article 1er,PROPOSITION DE LOI RELATIVE AU CHOIX DU NOM ISSU DE LA FILIATION
379,Mme le président.,15 février 2022,1733,CONVENTIONS INTERNATIONALES,Article 1er,PROPOSITION DE LOI RELATIVE AU CHOIX DU NOM ISSU DE LA FILIATION
380,"Mme Marie Mercier,",15 février 2022,1734,CONVENTIONS INTERNATIONALES,Article 1er,PROPOSITION DE LOI RELATIVE AU CHOIX DU NOM ISSU DE LA FILIATION
381,Mme le président.,15 février 2022,1734,CONVENTIONS INTERNATIONALES,Article 1er,PROPOSITION DE LOI RELATIVE AU CHOIX DU NOM ISSU DE LA FILIATION
382,"M. Éric Dupond-Moretti,",15 février 2022,1734,CONVENTIONS INTERNATIONALES,Article 1er,PROPOSITION DE LOI RELATIVE AU CHOIX DU NOM ISSU DE LA FILIATION
383,"Mme Marie Mercier,",15 février 2022,1734,CONVENTIONS INTERNATIONALES,Article 1er,PROPOSITION DE LOI RELATIVE AU CHOIX DU NOM ISSU DE LA FILIATION
384,"M. Éric Dupond-Moretti,",15 février 2022,1734,CONVENTIONS INTERNATIONALES,Article 1er,PROPOSITION DE LOI RELATIVE AU CHOIX DU NOM ISSU DE LA FILIATION
385,Mme le président.,15 février 2022,1734,CONVENTIONS INTERNATIONALES,Article 1er,PROPOSITION DE LOI RELATIVE AU CHOIX DU NOM ISSU DE LA FILIATION
386,Mme le président.,15 février 2022,1734,CONVENTIONS INTERNATIONALES,Article 1er,PROPOSITION DE LOI RELATIVE AU CHOIX DU NOM ISSU DE LA FILIATION
387,Mme le président.,15 février 2022,1734,CONVENTIONS INTERNATIONALES,Article 1er,PROPOSITION DE LOI RELATIVE AU CHOIX DU NOM ISSU DE LA FILIATION
388,Mme le président.,15 février 2022,1734,CONVENTIONS INTERNATIONALES,Article 1er,PROPOSITION DE LOI RELATIVE AU CHOIX DU NOM ISSU DE LA FILIATION
389,Mme le président.,15 février 2022,1734,CONVENTIONS INTERNATIONALES,Article 1er,PROPOSITION DE LOI RELATIVE AU CHOIX DU NOM ISSU DE LA FILIATION
390,Mme le président.,15 février 2022,1735,CONVENTIONS INTERNATIONALES,Article 1er,PROPOSITION DE LOI RELATIVE AU CHOIX DU NOM ISSU DE LA FILIATION
391,Mme le président.,15 février 2022,1735,CONVENTIONS INTERNATIONALES,Article 1er,PROPOSITION DE LOI RELATIVE AU CHOIX DU NOM ISSU DE LA FILIATION
392,M. Olivier Paccaud.,15 février 2022,1735,CONVENTIONS INTERNATIONALES,Article 1er,PROPOSITION DE LOI RELATIVE AU CHOIX DU NOM ISSU DE LA FILIATION
393,Mme le président.,15 février 2022,1735,CONVENTIONS INTERNATIONALES,Article 1er,PROPOSITION DE LOI RELATIVE AU CHOIX DU NOM ISSU DE LA FILIATION
394,"Mme Marie Mercier,",15 février 2022,1735,CONVENTIONS INTERNATIONALES,Article 1er,PROPOSITION DE LOI RELATIVE AU CHOIX DU NOM ISSU DE LA FILIATION
395,Mme le président.,15 février 2022,1735,CONVENTIONS INTERNATIONALES,Article 1er,PROPOSITION DE LOI RELATIVE AU CHOIX DU NOM ISSU DE LA FILIATION
396,"M. Éric Dupond-Moretti,",15 février 2022,1735,CONVENTIONS INTERNATIONALES,Article 1er,PROPOSITION DE LOI RELATIVE AU CHOIX DU NOM ISSU DE LA FILIATION
397,Mme le président.,15 février 2022,1735,CONVENTIONS INTERNATIONALES,Article 1er,PROPOSITION DE LOI RELATIVE AU CHOIX DU NOM ISSU DE LA FILIATION
398,M. Olivier Paccaud.,15 février 2022,1735,CONVENTIONS INTERNATIONALES,Article 1er,PROPOSITION DE LOI RELATIVE AU CHOIX DU NOM ISSU DE LA FILIATION
399,Mme le président.,15 février 2022,1735,CONVENTIONS INTERNATIONALES,Article 1er,PROPOSITION DE LOI RELATIVE AU CHOIX DU NOM ISSU DE LA FILIATION
400,Mme le président.,15 février 2022,1735,CONVENTIONS INTERNATIONALES,Article 1er,PROPOSITION DE LOI RELATIVE AU CHOIX DU NOM ISSU DE LA FILIATION
401,Mme le président.,15 février 2022,1735,CONVENTIONS INTERNATIONALES,Après l’article 1er,PROPOSITION DE LOI RELATIVE AU CHOIX DU NOM ISSU DE LA FILIATION
402,M. Hussein Bourgi.,15 février 2022,1735,CONVENTIONS INTERNATIONALES,Après l’article 1er,PROPOSITION DE LOI RELATIVE AU CHOIX DU NOM ISSU DE LA FILIATION
403,Mme le président.,15 février 2022,1736,CONVENTIONS INTERNATIONALES,Après l’article 1er,PROPOSITION DE LOI RELATIVE AU CHOIX DU NOM ISSU DE LA FILIATION
404,Mme Mélanie Vogel.,15 février 2022,1736,CONVENTIONS INTERNATIONALES,Après l’article 1er,PROPOSITION DE LOI RELATIVE AU CHOIX DU NOM ISSU DE LA FILIATION
405,Mme le président.,15 février 2022,1736,CONVENTIONS INTERNATIONALES,Après l’article 1er,PROPOSITION DE LOI RELATIVE AU CHOIX DU NOM ISSU DE LA FILIATION
406,"Mme Marie Mercier,",15 février 2022,1736,CONVENTIONS INTERNATIONALES,Après l’article 1er,PROPOSITION DE LOI RELATIVE AU CHOIX DU NOM ISSU DE LA FILIATION
407,Mme Catherine Belrhiti.,15 février 2022,1736,CONVENTIONS INTERNATIONALES,Après l’article 1er,PROPOSITION DE LOI RELATIVE AU CHOIX DU NOM ISSU DE LA FILIATION
408,"Mme Marie Mercier,",15 février 2022,1736,CONVENTIONS INTERNATIONALES,Après l’article 1er,PROPOSITION DE LOI RELATIVE AU CHOIX DU NOM ISSU DE LA FILIATION
409,Mme le président.,15 février 2022,1736,CONVENTIONS INTERNATIONALES,Après l’article 1er,PROPOSITION DE LOI RELATIVE AU CHOIX DU NOM ISSU DE LA FILIATION
410,"M. Éric Dupond-Moretti,",15 février 2022,1736,CONVENTIONS INTERNATIONALES,Après l’article 1er,PROPOSITION DE LOI RELATIVE AU CHOIX DU NOM ISSU DE LA FILIATION
411,"Mme Marie Mercier,",15 février 2022,1736,CONVENTIONS INTERNATIONALES,Après l’article 1er,PROPOSITION DE LOI RELATIVE AU CHOIX DU NOM ISSU DE LA FILIATION
412,"M. Éric Dupond-Moretti,",15 février 2022,1736,CONVENTIONS INTERNATIONALES,Après l’article 1er,PROPOSITION DE LOI RELATIVE AU CHOIX DU NOM ISSU DE LA FILIATION
413,Mme le président.,15 février 2022,1736,CONVENTIONS INTERNATIONALES,Après l’article 1er,PROPOSITION DE LOI RELATIVE AU CHOIX DU NOM ISSU DE LA FILIATION
414,Mme le président.,15 février 2022,1736,CONVENTIONS INTERNATIONALES,Article 2,PROPOSITION DE LOI RELATIVE AU CHOIX DU NOM ISSU DE LA FILIATION
415,"Mme Marie Mercier,",15 février 2022,1736,CONVENTIONS INTERNATIONALES,Article 2,PROPOSITION DE LOI RELATIVE AU CHOIX DU NOM ISSU DE LA FILIATION
416,Mme le président.,15 février 2022,1737,CONVENTIONS INTERNATIONALES,Article 2,PROPOSITION DE LOI RELATIVE AU CHOIX DU NOM ISSU DE LA FILIATION
417,M. François Bonhomme.,15 février 2022,1737,CONVENTIONS INTERNATIONALES,Article 2,PROPOSITION DE LOI RELATIVE AU CHOIX DU NOM ISSU DE LA FILIATION
418,Mme le président.,15 février 2022,1737,CONVENTIONS INTERNATIONALES,Article 2,PROPOSITION DE LOI RELATIVE AU CHOIX DU NOM ISSU DE LA FILIATION
419,"Mme Marie Mercier,",15 février 2022,1737,CONVENTIONS INTERNATIONALES,Article 2,PROPOSITION DE LOI RELATIVE AU CHOIX DU NOM ISSU DE LA FILIATION
420,Mme le président.,15 février 2022,1737,CONVENTIONS INTERNATIONALES,Article 2,PROPOSITION DE LOI RELATIVE AU CHOIX DU NOM ISSU DE LA FILIATION
421,"M. Éric Dupond-Moretti,",15 février 2022,1737,CONVENTIONS INTERNATIONALES,Article 2,PROPOSITION DE LOI RELATIVE AU CHOIX DU NOM ISSU DE LA FILIATION
422,Mme le président.,15 février 2022,1737,CONVENTIONS INTERNATIONALES,Article 2,PROPOSITION DE LOI RELATIVE AU CHOIX DU NOM ISSU DE LA FILIATION
423,M. François Bonhomme.,15 février 2022,1737,CONVENTIONS INTERNATIONALES,Article 2,PROPOSITION DE LOI RELATIVE AU CHOIX DU NOM ISSU DE LA FILIATION
424,Mme Catherine Belrhiti.,15 février 2022,1737,CONVENTIONS INTERNATIONALES,Article 2,PROPOSITION DE LOI RELATIVE AU CHOIX DU NOM ISSU DE LA FILIATION
425,Mme le président.,15 février 2022,1737,CONVENTIONS INTERNATIONALES,Article 2,PROPOSITION DE LOI RELATIVE AU CHOIX DU NOM ISSU DE LA FILIATION
426,Mme le président.,15 février 2022,1737,CONVENTIONS INTERNATIONALES,Article 2,PROPOSITION DE LOI RELATIVE AU CHOIX DU NOM ISSU DE LA FILIATION
427,Mme Mélanie Vogel.,15 février 2022,1738,CONVENTIONS INTERNATIONALES,Article 2,PROPOSITION DE LOI RELATIVE AU CHOIX DU NOM ISSU DE LA FILIATION
428,Mme le président.,15 février 2022,1738,CONVENTIONS INTERNATIONALES,Article 2,PROPOSITION DE LOI RELATIVE AU CHOIX DU NOM ISSU DE LA FILIATION
429,"M. Éric Dupond-Moretti,",15 février 2022,1738,CONVENTIONS INTERNATIONALES,Article 2,PROPOSITION DE LOI RELATIVE AU CHOIX DU NOM ISSU DE LA FILIATION
430,Mme le président.,15 février 2022,1738,CONVENTIONS INTERNATIONALES,Article 2,PROPOSITION DE LOI RELATIVE AU CHOIX DU NOM ISSU DE LA FILIATION
431,M. Thani Mohamed Soilihi.,15 février 2022,1738,CONVENTIONS INTERNATIONALES,Article 2,PROPOSITION DE LOI RELATIVE AU CHOIX DU NOM ISSU DE LA FILIATION
432,Mme le président.,15 février 2022,1738,CONVENTIONS INTERNATIONALES,Article 2,PROPOSITION DE LOI RELATIVE AU CHOIX DU NOM ISSU DE LA FILIATION
433,M. Hussein Bourgi.,15 février 2022,1739,CONVENTIONS INTERNATIONALES,Article 2,PROPOSITION DE LOI RELATIVE AU CHOIX DU NOM ISSU DE LA FILIATION
434,Mme le président.,15 février 2022,1739,CONVENTIONS INTERNATIONALES,Article 2,PROPOSITION DE LOI RELATIVE AU CHOIX DU NOM ISSU DE LA FILIATION
435,Mme Esther Benbassa.,15 février 2022,1739,CONVENTIONS INTERNATIONALES,Article 2,PROPOSITION DE LOI RELATIVE AU CHOIX DU NOM ISSU DE LA FILIATION
436,Mme le président.,15 février 2022,1739,CONVENTIONS INTERNATIONALES,Article 2,PROPOSITION DE LOI RELATIVE AU CHOIX DU NOM ISSU DE LA FILIATION
437,"Mme Marie Mercier,",15 février 2022,1739,CONVENTIONS INTERNATIONALES,Article 2,PROPOSITION DE LOI RELATIVE AU CHOIX DU NOM ISSU DE LA FILIATION
438,Mme le président.,15 février 2022,1740,CONVENTIONS INTERNATIONALES,Article 2,PROPOSITION DE LOI RELATIVE AU CHOIX DU NOM ISSU DE LA FILIATION
439,"M. Éric Dupond-Moretti,",15 février 2022,1740,CONVENTIONS INTERNATIONALES,Article 2,PROPOSITION DE LOI RELATIVE AU CHOIX DU NOM ISSU DE LA FILIATION
440,Mme le président.,15 février 2022,1740,CONVENTIONS INTERNATIONALES,Article 2,PROPOSITION DE LOI RELATIVE AU CHOIX DU NOM ISSU DE LA FILIATION
441,M. Yan Chantrel.,15 février 2022,1740,CONVENTIONS INTERNATIONALES,Article 2,PROPOSITION DE LOI RELATIVE AU CHOIX DU NOM ISSU DE LA FILIATION
442,Mme le président.,15 février 2022,1740,CONVENTIONS INTERNATIONALES,Article 2,PROPOSITION DE LOI RELATIVE AU CHOIX DU NOM ISSU DE LA FILIATION
443,M. Laurent Burgoa.,15 février 2022,1740,CONVENTIONS INTERNATIONALES,Article 2,PROPOSITION DE LOI RELATIVE AU CHOIX DU NOM ISSU DE LA FILIATION
444,Mme le président.,15 février 2022,1740,CONVENTIONS INTERNATIONALES,Article 2,PROPOSITION DE LOI RELATIVE AU CHOIX DU NOM ISSU DE LA FILIATION
445,Mme le président.,15 février 2022,1740,CONVENTIONS INTERNATIONALES,Article 2,PROPOSITION DE LOI RELATIVE AU CHOIX DU NOM ISSU DE LA FILIATION
446,Mme le président.,15 février 2022,1740,CONVENTIONS INTERNATIONALES,Article 2,PROPOSITION DE LOI RELATIVE AU CHOIX DU NOM ISSU DE LA FILIATION
447,Mme le président.,15 février 2022,1740,CONVENTIONS INTERNATIONALES,Article 2,PROPOSITION DE LOI RELATIVE AU CHOIX DU NOM ISSU DE LA FILIATION
448,Mme le président.,15 février 2022,1740,CONVENTIONS INTERNATIONALES,Article 2,PROPOSITION DE LOI RELATIVE AU CHOIX DU NOM ISSU DE LA FILIATION
449,Mme le président.,15 février 2022,1740,CONVENTIONS INTERNATIONALES,Article 2,PROPOSITION DE LOI RELATIVE AU CHOIX DU NOM ISSU DE LA FILIATION
450,M. Olivier Paccaud.,15 février 2022,1740,CONVENTIONS INTERNATIONALES,Article 2,PROPOSITION DE LOI RELATIVE AU CHOIX DU NOM ISSU DE LA FILIATION
451,Mme le président.,15 février 2022,1741,CONVENTIONS INTERNATIONALES,Article 2,PROPOSITION DE LOI RELATIVE AU CHOIX DU NOM ISSU DE LA FILIATION
452,M. Olivier Paccaud.,15 février 2022,1741,CONVENTIONS INTERNATIONALES,Article 2,PROPOSITION DE LOI RELATIVE AU CHOIX DU NOM ISSU DE LA FILIATION
453,Mme le président.,15 février 2022,1741,CONVENTIONS INTERNATIONALES,Après l’article 2,PROPOSITION DE LOI RELATIVE AU CHOIX DU NOM ISSU DE LA FILIATION
454,M. Jean-Claude Tissot.,15 février 2022,1741,CONVENTIONS INTERNATIONALES,Après l’article 2,PROPOSITION DE LOI RELATIVE AU CHOIX DU NOM ISSU DE LA FILIATION
455,Mme le président.,15 février 2022,1741,CONVENTIONS INTERNATIONALES,Après l’article 2,PROPOSITION DE LOI RELATIVE AU CHOIX DU NOM ISSU DE LA FILIATION
456,Mme Mélanie Vogel.,15 février 2022,1741,CONVENTIONS INTERNATIONALES,Après l’article 2,PROPOSITION DE LOI RELATIVE AU CHOIX DU NOM ISSU DE LA FILIATION
457,Mme le président.,15 février 2022,1741,CONVENTIONS INTERNATIONALES,Après l’article 2,PROPOSITION DE LOI RELATIVE AU CHOIX DU NOM ISSU DE LA FILIATION
458,Mme Dominique Vérien.,15 février 2022,1742,CONVENTIONS INTERNATIONALES,Après l’article 2,PROPOSITION DE LOI RELATIVE AU CHOIX DU NOM ISSU DE LA FILIATION
459,Mme le président.,15 février 2022,1742,CONVENTIONS INTERNATIONALES,Après l’article 2,PROPOSITION DE LOI RELATIVE AU CHOIX DU NOM ISSU DE LA FILIATION
460,"Mme Marie Mercier,",15 février 2022,1742,CONVENTIONS INTERNATIONALES,Après l’article 2,PROPOSITION DE LOI RELATIVE AU CHOIX DU NOM ISSU DE LA FILIATION
461,Mme le président.,15 février 2022,1742,CONVENTIONS INTERNATIONALES,Après l’article 2,PROPOSITION DE LOI RELATIVE AU CHOIX DU NOM ISSU DE LA FILIATION
462,"M. Éric Dupond-Moretti,",15 février 2022,1742,CONVENTIONS INTERNATIONALES,Après l’article 2,PROPOSITION DE LOI RELATIVE AU CHOIX DU NOM ISSU DE LA FILIATION
463,Mme le président.,15 février 2022,1742,CONVENTIONS INTERNATIONALES,Après l’article 2,PROPOSITION DE LOI RELATIVE AU CHOIX DU NOM ISSU DE LA FILIATION
464,M. Jean Louis Masson.,15 février 2022,1742,CONVENTIONS INTERNATIONALES,Après l’article 2,PROPOSITION DE LOI RELATIVE AU CHOIX DU NOM ISSU DE LA FILIATION
465,Mme le président.,15 février 2022,1742,CONVENTIONS INTERNATIONALES,Après l’article 2,PROPOSITION DE LOI RELATIVE AU CHOIX DU NOM ISSU DE LA FILIATION
466,Mme le président.,15 février 2022,1742,CONVENTIONS INTERNATIONALES,Après l’article 2,PROPOSITION DE LOI RELATIVE AU CHOIX DU NOM ISSU DE LA FILIATION
467,Mme le président.,15 février 2022,1742,CONVENTIONS INTERNATIONALES,Article 2 bis (Non modifié),PROPOSITION DE LOI RELATIVE AU CHOIX DU NOM ISSU DE LA FILIATION
468,M. Olivier Paccaud.,15 février 2022,1742,CONVENTIONS INTERNATIONALES,Article 2 bis (Non modifié),PROPOSITION DE LOI RELATIVE AU CHOIX DU NOM ISSU DE LA FILIATION
469,Mme Nathalie Goulet.,15 février 2022,1742,CONVENTIONS INTERNATIONALES,Article 2 bis (Non modifié),PROPOSITION DE LOI RELATIVE AU CHOIX DU NOM ISSU DE LA FILIATION
470,M. Olivier Paccaud.,15 février 2022,1742,CONVENTIONS INTERNATIONALES,Article 2 bis (Non modifié),PROPOSITION DE LOI RELATIVE AU CHOIX DU NOM ISSU DE LA FILIATION
471,Mme le président.,15 février 2022,1743,CONVENTIONS INTERNATIONALES,Article 2 bis (Non modifié),ADOPTION DÉFINITIVE EN PROCÉDURE ACCÉLÉRÉE D’UNE PROPOSITION DE LOI DANS LE TEXTE DE LA COMMISSION
472,Mme le président.,15 février 2022,1743,CONVENTIONS INTERNATIONALES,Article 4,ADOPTION DÉFINITIVE EN PROCÉDURE ACCÉLÉRÉE D’UNE PROPOSITION DE LOI DANS LE TEXTE DE LA COMMISSION
473,"M. Éric Dupond-Moretti,",15 février 2022,1743,CONVENTIONS INTERNATIONALES,Article 4,ADOPTION DÉFINITIVE EN PROCÉDURE ACCÉLÉRÉE D’UNE PROPOSITION DE LOI DANS LE TEXTE DE LA COMMISSION
474,Mme le président.,15 février 2022,1743,CONVENTIONS INTERNATIONALES,Article 4,ADOPTION DÉFINITIVE EN PROCÉDURE ACCÉLÉRÉE D’UNE PROPOSITION DE LOI DANS LE TEXTE DE LA COMMISSION
475,"Mme Marie Mercier,",15 février 2022,1743,CONVENTIONS INTERNATIONALES,Article 4,ADOPTION DÉFINITIVE EN PROCÉDURE ACCÉLÉRÉE D’UNE PROPOSITION DE LOI DANS LE TEXTE DE LA COMMISSION
476,Mme le président.,15 février 2022,1743,CONVENTIONS INTERNATIONALES,Article 4,ADOPTION DÉFINITIVE EN PROCÉDURE ACCÉLÉRÉE D’UNE PROPOSITION DE LOI DANS LE TEXTE DE LA COMMISSION
477,Mme le président.,15 février 2022,1743,CONVENTIONS INTERNATIONALES,Article 4,ADOPTION DÉFINITIVE EN PROCÉDURE ACCÉLÉRÉE D’UNE PROPOSITION DE LOI DANS LE TEXTE DE LA COMMISSION
478,Mme le président.,15 février 2022,1743,CONVENTIONS INTERNATIONALES,Article 4,ADOPTION DÉFINITIVE EN PROCÉDURE ACCÉLÉRÉE D’UNE PROPOSITION DE LOI DANS LE TEXTE DE LA COMMISSION
479,Mme le président.,15 février 2022,1743,CONVENTIONS INTERNATIONALES,Article 4,ADOPTION DÉFINITIVE EN PROCÉDURE ACCÉLÉRÉE D’UNE PROPOSITION DE LOI DANS LE TEXTE DE LA COMMISSION
480,Mme le président.,15 février 2022,1743,CONVENTIONS INTERNATIONALES,Article 4,ADOPTION DÉFINITIVE EN PROCÉDURE ACCÉLÉRÉE D’UNE PROPOSITION DE LOI DANS LE TEXTE DE LA COMMISSION
481,Mme le président.,15 février 2022,1743,CONVENTIONS INTERNATIONALES,Article 4,ADOPTION DÉFINITIVE EN PROCÉDURE ACCÉLÉRÉE D’UNE PROPOSITION DE LOI DANS LE TEXTE DE LA COMMISSION
482,Mme Micheline Jacques.,15 février 2022,1743,CONVENTIONS INTERNATIONALES,Article 4,ADOPTION DÉFINITIVE EN PROCÉDURE ACCÉLÉRÉE D’UNE PROPOSITION DE LOI DANS LE TEXTE DE LA COMMISSION
483,Mme le président.,15 février 2022,1743,CONVENTIONS INTERNATIONALES,Article 4,ADOPTION DÉFINITIVE EN PROCÉDURE ACCÉLÉRÉE D’UNE PROPOSITION DE LOI DANS LE TEXTE DE LA COMMISSION
484,Mme le président.,15 février 2022,1743,CONVENTIONS INTERNATIONALES,Article 4,ADOPTION DÉFINITIVE EN PROCÉDURE ACCÉLÉRÉE D’UNE PROPOSITION DE LOI DANS LE TEXTE DE LA COMMISSION
485,"Mme Roselyne Bachelot,",15 février 2022,1743,CONVENTIONS INTERNATIONALES,Article 4,ADOPTION DÉFINITIVE EN PROCÉDURE ACCÉLÉRÉE D’UNE PROPOSITION DE LOI DANS LE TEXTE DE LA COMMISSION
486,Mme le président.,15 février 2022,1745,CONVENTIONS INTERNATIONALES,Article 4,ADOPTION DÉFINITIVE EN PROCÉDURE ACCÉLÉRÉE D’UNE PROPOSITION DE LOI DANS LE TEXTE DE LA COMMISSION
487,"Mme Béatrice Gosselin,",15 février 2022,1745,CONVENTIONS INTERNATIONALES,Article 4,ADOPTION DÉFINITIVE EN PROCÉDURE ACCÉLÉRÉE D’UNE PROPOSITION DE LOI DANS LE TEXTE DE LA COMMISSION
488,Mme Nathalie Goulet.,15 février 2022,1746,CONVENTIONS INTERNATIONALES,Article 4,ADOPTION DÉFINITIVE EN PROCÉDURE ACCÉLÉRÉE D’UNE PROPOSITION DE LOI DANS LE TEXTE DE LA COMMISSION
489,"Mme Béatrice Gosselin,",15 février 2022,1746,CONVENTIONS INTERNATIONALES,Article 4,ADOPTION DÉFINITIVE EN PROCÉDURE ACCÉLÉRÉE D’UNE PROPOSITION DE LOI DANS LE TEXTE DE LA COMMISSION
490,Mme Nathalie Goulet.,15 février 2022,1746,CONVENTIONS INTERNATIONALES,Article 4,ADOPTION DÉFINITIVE EN PROCÉDURE ACCÉLÉRÉE D’UNE PROPOSITION DE LOI DANS LE TEXTE DE LA COMMISSION
491,"Mme Béatrice Gosselin,",15 février 2022,1746,CONVENTIONS INTERNATIONALES,Article 4,ADOPTION DÉFINITIVE EN PROCÉDURE ACCÉLÉRÉE D’UNE PROPOSITION DE LOI DANS LE TEXTE DE LA COMMISSION
492,M. Laurent Burgoa.,15 février 2022,1746,CONVENTIONS INTERNATIONALES,Article 4,ADOPTION DÉFINITIVE EN PROCÉDURE ACCÉLÉRÉE D’UNE PROPOSITION DE LOI DANS LE TEXTE DE LA COMMISSION
493,Mme le président.,15 février 2022,1746,CONVENTIONS INTERNATIONALES,Article 4,ADOPTION DÉFINITIVE EN PROCÉDURE ACCÉLÉRÉE D’UNE PROPOSITION DE LOI DANS LE TEXTE DE LA COMMISSION
494,M. Lucien Stanzione.,15 février 2022,1747,CONVENTIONS INTERNATIONALES,Article 4,ADOPTION DÉFINITIVE EN PROCÉDURE ACCÉLÉRÉE D’UNE PROPOSITION DE LOI DANS LE TEXTE DE LA COMMISSION
495,Mme Nathalie Goulet.,15 février 2022,1747,CONVENTIONS INTERNATIONALES,Article 4,ADOPTION DÉFINITIVE EN PROCÉDURE ACCÉLÉRÉE D’UNE PROPOSITION DE LOI DANS LE TEXTE DE LA COMMISSION
496,M. Lucien Stanzione.,15 février 2022,1747,CONVENTIONS INTERNATIONALES,Article 4,ADOPTION DÉFINITIVE EN PROCÉDURE ACCÉLÉRÉE D’UNE PROPOSITION DE LOI DANS LE TEXTE DE LA COMMISSION
497,Mme le président.,15 février 2022,1748,CONVENTIONS INTERNATIONALES,Article 4,ADOPTION DÉFINITIVE EN PROCÉDURE ACCÉLÉRÉE D’UNE PROPOSITION DE LOI DANS LE TEXTE DE LA COMMISSION
498,M. André Gattolin.,15 février 2022,1748,CONVENTIONS INTERNATIONALES,Article 4,ADOPTION DÉFINITIVE EN PROCÉDURE ACCÉLÉRÉE D’UNE PROPOSITION DE LOI DANS LE TEXTE DE LA COMMISSION
499,Mme le président.,15 février 2022,1748,CONVENTIONS INTERNATIONALES,Article 4,ADOPTION DÉFINITIVE EN PROCÉDURE ACCÉLÉRÉE D’UNE PROPOSITION DE LOI DANS LE TEXTE DE LA COMMISSION
500,M. André Gattolin.,15 février 2022,1748,CONVENTIONS INTERNATIONALES,Article 4,ADOPTION DÉFINITIVE EN PROCÉDURE ACCÉLÉRÉE D’UNE PROPOSITION DE LOI DANS LE TEXTE DE LA COMMISSION
501,Mme le président.,15 février 2022,1748,CONVENTIONS INTERNATIONALES,Article 4,ADOPTION DÉFINITIVE EN PROCÉDURE ACCÉLÉRÉE D’UNE PROPOSITION DE LOI DANS LE TEXTE DE LA COMMISSION
502,M. Joël Guerriau.,15 février 2022,1748,CONVENTIONS INTERNATIONALES,Article 4,ADOPTION DÉFINITIVE EN PROCÉDURE ACCÉLÉRÉE D’UNE PROPOSITION DE LOI DANS LE TEXTE DE LA COMMISSION
503,Mme le président.,15 février 2022,1749,CONVENTIONS INTERNATIONALES,Article 4,ADOPTION DÉFINITIVE EN PROCÉDURE ACCÉLÉRÉE D’UNE PROPOSITION DE LOI DANS LE TEXTE DE LA COMMISSION
504,Mme Toine Bourrat.,15 février 2022,1749,CONVENTIONS INTERNATIONALES,Article 4,ADOPTION DÉFINITIVE EN PROCÉDURE ACCÉLÉRÉE D’UNE PROPOSITION DE LOI DANS LE TEXTE DE LA COMMISSION
505,Mme le président.,15 février 2022,1750,CONVENTIONS INTERNATIONALES,Article 4,ADOPTION DÉFINITIVE EN PROCÉDURE ACCÉLÉRÉE D’UNE PROPOSITION DE LOI DANS LE TEXTE DE LA COMMISSION
506,M. Thomas Dossus.,15 février 2022,1750,CONVENTIONS INTERNATIONALES,Article 4,ADOPTION DÉFINITIVE EN PROCÉDURE ACCÉLÉRÉE D’UNE PROPOSITION DE LOI DANS LE TEXTE DE LA COMMISSION
507,Mme Nathalie Goulet.,15 février 2022,1750,CONVENTIONS INTERNATIONALES,Article 4,ADOPTION DÉFINITIVE EN PROCÉDURE ACCÉLÉRÉE D’UNE PROPOSITION DE LOI DANS LE TEXTE DE LA COMMISSION
508,M. Thomas Dossus.,15 février 2022,1750,CONVENTIONS INTERNATIONALES,Article 4,ADOPTION DÉFINITIVE EN PROCÉDURE ACCÉLÉRÉE D’UNE PROPOSITION DE LOI DANS LE TEXTE DE LA COMMISSION
509,Mmes Esther Benbassa et Nathalie Goulet.,15 février 2022,1751,CONVENTIONS INTERNATIONALES,Article 4,ADOPTION DÉFINITIVE EN PROCÉDURE ACCÉLÉRÉE D’UNE PROPOSITION DE LOI DANS LE TEXTE DE LA COMMISSION
510,M. Pierre Ouzoulias.,15 février 2022,1751,CONVENTIONS INTERNATIONALES,Article 4,ADOPTION DÉFINITIVE EN PROCÉDURE ACCÉLÉRÉE D’UNE PROPOSITION DE LOI DANS LE TEXTE DE LA COMMISSION
511,M. Thomas Dossus.,15 février 2022,1751,CONVENTIONS INTERNATIONALES,Article 4,ADOPTION DÉFINITIVE EN PROCÉDURE ACCÉLÉRÉE D’UNE PROPOSITION DE LOI DANS LE TEXTE DE LA COMMISSION
512,Mme le président.,15 février 2022,1751,CONVENTIONS INTERNATIONALES,Article 4,ADOPTION DÉFINITIVE EN PROCÉDURE ACCÉLÉRÉE D’UNE PROPOSITION DE LOI DANS LE TEXTE DE LA COMMISSION
513,M. Pierre Ouzoulias.,15 février 2022,1751,CONVENTIONS INTERNATIONALES,Article 4,ADOPTION DÉFINITIVE EN PROCÉDURE ACCÉLÉRÉE D’UNE PROPOSITION DE LOI DANS LE TEXTE DE LA COMMISSION
514,Mme Nathalie Goulet.,15 février 2022,1751,CONVENTIONS INTERNATIONALES,Article 4,ADOPTION DÉFINITIVE EN PROCÉDURE ACCÉLÉRÉE D’UNE PROPOSITION DE LOI DANS LE TEXTE DE LA COMMISSION
515,M. Pierre Ouzoulias.,15 février 2022,1751,CONVENTIONS INTERNATIONALES,Article 4,ADOPTION DÉFINITIVE EN PROCÉDURE ACCÉLÉRÉE D’UNE PROPOSITION DE LOI DANS LE TEXTE DE LA COMMISSION
516,Mme Nathalie Goulet.,15 février 2022,1752,CONVENTIONS INTERNATIONALES,Article 4,ADOPTION DÉFINITIVE EN PROCÉDURE ACCÉLÉRÉE D’UNE PROPOSITION DE LOI DANS LE TEXTE DE LA COMMISSION
517,M. Pierre Ouzoulias.,15 février 2022,1752,CONVENTIONS INTERNATIONALES,Article 4,ADOPTION DÉFINITIVE EN PROCÉDURE ACCÉLÉRÉE D’UNE PROPOSITION DE LOI DANS LE TEXTE DE LA COMMISSION
518,Mme le président.,15 février 2022,1752,CONVENTIONS INTERNATIONALES,Article 4,ADOPTION DÉFINITIVE EN PROCÉDURE ACCÉLÉRÉE D’UNE PROPOSITION DE LOI DANS LE TEXTE DE LA COMMISSION
519,M. Pierre Ouzoulias.,15 février 2022,1752,CONVENTIONS INTERNATIONALES,Article 4,ADOPTION DÉFINITIVE EN PROCÉDURE ACCÉLÉRÉE D’UNE PROPOSITION DE LOI DANS LE TEXTE DE LA COMMISSION
520,Mme le président.,15 février 2022,1752,CONVENTIONS INTERNATIONALES,Article 4,ADOPTION DÉFINITIVE EN PROCÉDURE ACCÉLÉRÉE D’UNE PROPOSITION DE LOI DANS LE TEXTE DE LA COMMISSION
521,M. Pierre Ouzoulias.,15 février 2022,1752,CONVENTIONS INTERNATIONALES,Article 4,ADOPTION DÉFINITIVE EN PROCÉDURE ACCÉLÉRÉE D’UNE PROPOSITION DE LOI DANS LE TEXTE DE LA COMMISSION
522,Mme le président.,15 février 2022,1752,CONVENTIONS INTERNATIONALES,Article 4,ADOPTION DÉFINITIVE EN PROCÉDURE ACCÉLÉRÉE D’UNE PROPOSITION DE LOI DANS LE TEXTE DE LA COMMISSION
523,M. Pierre Ouzoulias.,15 février 2022,1752,CONVENTIONS INTERNATIONALES,Article 4,ADOPTION DÉFINITIVE EN PROCÉDURE ACCÉLÉRÉE D’UNE PROPOSITION DE LOI DANS LE TEXTE DE LA COMMISSION
524,Mme le président.,15 février 2022,1752,CONVENTIONS INTERNATIONALES,Article 4,ADOPTION DÉFINITIVE EN PROCÉDURE ACCÉLÉRÉE D’UNE PROPOSITION DE LOI DANS LE TEXTE DE LA COMMISSION
525,M. Pierre-Antoine Levi.,15 février 2022,1752,CONVENTIONS INTERNATIONALES,Article 4,ADOPTION DÉFINITIVE EN PROCÉDURE ACCÉLÉRÉE D’UNE PROPOSITION DE LOI DANS LE TEXTE DE LA COMMISSION
526,Mme Nathalie Goulet.,15 février 2022,1752,CONVENTIONS INTERNATIONALES,Article 4,ADOPTION DÉFINITIVE EN PROCÉDURE ACCÉLÉRÉE D’UNE PROPOSITION DE LOI DANS LE TEXTE DE LA COMMISSION
527,M. Pierre-Antoine Levi.,15 février 2022,1752,CONVENTIONS INTERNATIONALES,Article 4,ADOPTION DÉFINITIVE EN PROCÉDURE ACCÉLÉRÉE D’UNE PROPOSITION DE LOI DANS LE TEXTE DE LA COMMISSION
528,"Mme Roselyne Bachelot,",15 février 2022,1752,CONVENTIONS INTERNATIONALES,Article 4,ADOPTION DÉFINITIVE EN PROCÉDURE ACCÉLÉRÉE D’UNE PROPOSITION DE LOI DANS LE TEXTE DE LA COMMISSION
529,M. Pierre-Antoine Levi.,15 février 2022,1752,CONVENTIONS INTERNATIONALES,Article 4,ADOPTION DÉFINITIVE EN PROCÉDURE ACCÉLÉRÉE D’UNE PROPOSITION DE LOI DANS LE TEXTE DE LA COMMISSION
530,Mme le président.,15 février 2022,1752,CONVENTIONS INTERNATIONALES,Article 4,ADOPTION DÉFINITIVE EN PROCÉDURE ACCÉLÉRÉE D’UNE PROPOSITION DE LOI DANS LE TEXTE DE LA COMMISSION
531,M. Bernard Fialaire.,15 février 2022,1752,CONVENTIONS INTERNATIONALES,Article 4,ADOPTION DÉFINITIVE EN PROCÉDURE ACCÉLÉRÉE D’UNE PROPOSITION DE LOI DANS LE TEXTE DE LA COMMISSION
532,Mme Nathalie Goulet.,15 février 2022,1753,CONVENTIONS INTERNATIONALES,Article 4,ADOPTION DÉFINITIVE EN PROCÉDURE ACCÉLÉRÉE D’UNE PROPOSITION DE LOI DANS LE TEXTE DE LA COMMISSION
533,M. Bernard Fialaire.,15 février 2022,1753,CONVENTIONS INTERNATIONALES,Article 4,ADOPTION DÉFINITIVE EN PROCÉDURE ACCÉLÉRÉE D’UNE PROPOSITION DE LOI DANS LE TEXTE DE LA COMMISSION
534,M. Pierre Ouzoulias.,15 février 2022,1753,CONVENTIONS INTERNATIONALES,Article 4,ADOPTION DÉFINITIVE EN PROCÉDURE ACCÉLÉRÉE D’UNE PROPOSITION DE LOI DANS LE TEXTE DE LA COMMISSION
535,M. Bernard Fialaire.,15 février 2022,1753,CONVENTIONS INTERNATIONALES,Article 4,ADOPTION DÉFINITIVE EN PROCÉDURE ACCÉLÉRÉE D’UNE PROPOSITION DE LOI DANS LE TEXTE DE LA COMMISSION
536,M. Pierre Ouzoulias.,15 février 2022,1753,CONVENTIONS INTERNATIONALES,Article 4,ADOPTION DÉFINITIVE EN PROCÉDURE ACCÉLÉRÉE D’UNE PROPOSITION DE LOI DANS LE TEXTE DE LA COMMISSION
537,M. Bernard Fialaire.,15 février 2022,1753,CONVENTIONS INTERNATIONALES,Article 4,ADOPTION DÉFINITIVE EN PROCÉDURE ACCÉLÉRÉE D’UNE PROPOSITION DE LOI DANS LE TEXTE DE LA COMMISSION
538,M. Pierre Ouzoulias.,15 février 2022,1753,CONVENTIONS INTERNATIONALES,Article 4,ADOPTION DÉFINITIVE EN PROCÉDURE ACCÉLÉRÉE D’UNE PROPOSITION DE LOI DANS LE TEXTE DE LA COMMISSION
539,Mme le président.,15 février 2022,1753,CONVENTIONS INTERNATIONALES,Article 4,ADOPTION DÉFINITIVE EN PROCÉDURE ACCÉLÉRÉE D’UNE PROPOSITION DE LOI DANS LE TEXTE DE LA COMMISSION
540,Mme Esther Benbassa.,15 février 2022,1753,CONVENTIONS INTERNATIONALES,Article 4,ADOPTION DÉFINITIVE EN PROCÉDURE ACCÉLÉRÉE D’UNE PROPOSITION DE LOI DANS LE TEXTE DE LA COMMISSION
541,Mme le président.,15 février 2022,1754,CONVENTIONS INTERNATIONALES,Article 4,ADOPTION DÉFINITIVE EN PROCÉDURE ACCÉLÉRÉE D’UNE PROPOSITION DE LOI DANS LE TEXTE DE LA COMMISSION
542,M. Sébastien Meurant.,15 février 2022,1754,CONVENTIONS INTERNATIONALES,Article 4,ADOPTION DÉFINITIVE EN PROCÉDURE ACCÉLÉRÉE D’UNE PROPOSITION DE LOI DANS LE TEXTE DE LA COMMISSION
543,Mme le président.,15 février 2022,1754,CONVENTIONS INTERNATIONALES,Article 4,ADOPTION DÉFINITIVE EN PROCÉDURE ACCÉLÉRÉE D’UNE PROPOSITION DE LOI DANS LE TEXTE DE LA COMMISSION
544,Mme Nathalie Goulet.,15 février 2022,1754,CONVENTIONS INTERNATIONALES,Article 4,ADOPTION DÉFINITIVE EN PROCÉDURE ACCÉLÉRÉE D’UNE PROPOSITION DE LOI DANS LE TEXTE DE LA COMMISSION
545,Mme le président.,15 février 2022,1755,CONVENTIONS INTERNATIONALES,Article 4,PROJET DE LOI RELATIF À LA RESTITUTION OU LA REMISE DE CERTAINS BIENS CULTURELS AUX AYANTS DROIT DE LEURS PROPRIÉTAIRES VICTIMES DE PERSÉCUTIONS ANTISÉMITES
546,Mme le président.,15 février 2022,1755,CONVENTIONS INTERNATIONALES,Article 1er (Non modifié),PROJET DE LOI RELATIF À LA RESTITUTION OU LA REMISE DE CERTAINS BIENS CULTURELS AUX AYANTS DROIT DE LEURS PROPRIÉTAIRES VICTIMES DE PERSÉCUTIONS ANTISÉMITES
547,M. Olivier Paccaud.,15 février 2022,1755,CONVENTIONS INTERNATIONALES,Article 1er (Non modifié),PROJET DE LOI RELATIF À LA RESTITUTION OU LA REMISE DE CERTAINS BIENS CULTURELS AUX AYANTS DROIT DE LEURS PROPRIÉTAIRES VICTIMES DE PERSÉCUTIONS ANTISÉMITES
548,Mme Nathalie Goulet.,15 février 2022,1755,CONVENTIONS INTERNATIONALES,Article 1er (Non modifié),PROJET DE LOI RELATIF À LA RESTITUTION OU LA REMISE DE CERTAINS BIENS CULTURELS AUX AYANTS DROIT DE LEURS PROPRIÉTAIRES VICTIMES DE PERSÉCUTIONS ANTISÉMITES
549,M. Olivier Paccaud.,15 février 2022,1755,CONVENTIONS INTERNATIONALES,Article 1er (Non modifié),PROJET DE LOI RELATIF À LA RESTITUTION OU LA REMISE DE CERTAINS BIENS CULTURELS AUX AYANTS DROIT DE LEURS PROPRIÉTAIRES VICTIMES DE PERSÉCUTIONS ANTISÉMITES
550,Mme le président.,15 février 2022,1756,CONVENTIONS INTERNATIONALES,Article 1er (Non modifié),PROJET DE LOI RELATIF À LA RESTITUTION OU LA REMISE DE CERTAINS BIENS CULTURELS AUX AYANTS DROIT DE LEURS PROPRIÉTAIRES VICTIMES DE PERSÉCUTIONS ANTISÉMITES
551,Mme le président.,15 février 2022,1756,CONVENTIONS INTERNATIONALES,Article 2 (Non modifié),PROJET DE LOI RELATIF À LA RESTITUTION OU LA REMISE DE CERTAINS BIENS CULTURELS AUX AYANTS DROIT DE LEURS PROPRIÉTAIRES VICTIMES DE PERSÉCUTIONS ANTISÉMITES
552,M. Pierre Ouzoulias.,15 février 2022,1756,CONVENTIONS INTERNATIONALES,Article 2 (Non modifié),PROJET DE LOI RELATIF À LA RESTITUTION OU LA REMISE DE CERTAINS BIENS CULTURELS AUX AYANTS DROIT DE LEURS PROPRIÉTAIRES VICTIMES DE PERSÉCUTIONS ANTISÉMITES
553,Mme le président.,15 février 2022,1756,CONVENTIONS INTERNATIONALES,Article 2 (Non modifié),PROJET DE LOI RELATIF À LA RESTITUTION OU LA REMISE DE CERTAINS BIENS CULTURELS AUX AYANTS DROIT DE LEURS PROPRIÉTAIRES VICTIMES DE PERSÉCUTIONS ANTISÉMITES
554,M. Marc Laménie.,15 février 2022,1756,CONVENTIONS INTERNATIONALES,Article 2 (Non modifié),PROJET DE LOI RELATIF À LA RESTITUTION OU LA REMISE DE CERTAINS BIENS CULTURELS AUX AYANTS DROIT DE LEURS PROPRIÉTAIRES VICTIMES DE PERSÉCUTIONS ANTISÉMITES
555,Mme le président.,15 février 2022,1757,CONVENTIONS INTERNATIONALES,Article 2 (Non modifié),PROJET DE LOI RELATIF À LA RESTITUTION OU LA REMISE DE CERTAINS BIENS CULTURELS AUX AYANTS DROIT DE LEURS PROPRIÉTAIRES VICTIMES DE PERSÉCUTIONS ANTISÉMITES
556,Mme le président.,15 février 2022,1757,CONVENTIONS INTERNATIONALES,Article 3 (Non modifié),PROJET DE LOI RELATIF À LA RESTITUTION OU LA REMISE DE CERTAINS BIENS CULTURELS AUX AYANTS DROIT DE LEURS PROPRIÉTAIRES VICTIMES DE PERSÉCUTIONS ANTISÉMITES
557,Mme le président.,15 février 2022,1757,CONVENTIONS INTERNATIONALES,Article 4 (Non modifié),PROJET DE LOI RELATIF À LA RESTITUTION OU LA REMISE DE CERTAINS BIENS CULTURELS AUX AYANTS DROIT DE LEURS PROPRIÉTAIRES VICTIMES DE PERSÉCUTIONS ANTISÉMITES
558,Mme le président.,15 février 2022,1757,CONVENTIONS INTERNATIONALES,Article 4 (Non modifié),PROJET DE LOI RELATIF À LA RESTITUTION OU LA REMISE DE CERTAINS BIENS CULTURELS AUX AYANTS DROIT DE LEURS PROPRIÉTAIRES VICTIMES DE PERSÉCUTIONS ANTISÉMITES
559,Mme Nathalie Goulet.,15 février 2022,1757,CONVENTIONS INTERNATIONALES,Article 4 (Non modifié),PROJET DE LOI RELATIF À LA RESTITUTION OU LA REMISE DE CERTAINS BIENS CULTURELS AUX AYANTS DROIT DE LEURS PROPRIÉTAIRES VICTIMES DE PERSÉCUTIONS ANTISÉMITES
560,Mme le président.,15 février 2022,1757,CONVENTIONS INTERNATIONALES,Article 4 (Non modifié),PROJET DE LOI RELATIF À LA RESTITUTION OU LA REMISE DE CERTAINS BIENS CULTURELS AUX AYANTS DROIT DE LEURS PROPRIÉTAIRES VICTIMES DE PERSÉCUTIONS ANTISÉMITES
561,Mme le président.,15 février 2022,1757,CONVENTIONS INTERNATIONALES,Article 4 (Non modifié),PROJET DE LOI RELATIF À LA RESTITUTION OU LA REMISE DE CERTAINS BIENS CULTURELS AUX AYANTS DROIT DE LEURS PROPRIÉTAIRES VICTIMES DE PERSÉCUTIONS ANTISÉMITES
562,"Mme Béatrice Gosselin,",15 février 2022,1757,CONVENTIONS INTERNATIONALES,Article 4 (Non modifié),PROJET DE LOI RELATIF À LA RESTITUTION OU LA REMISE DE CERTAINS BIENS CULTURELS AUX AYANTS DROIT DE LEURS PROPRIÉTAIRES VICTIMES DE PERSÉCUTIONS ANTISÉMITES
563,Mme Nathalie Goulet.,15 février 2022,1757,CONVENTIONS INTERNATIONALES,Article 4 (Non modifié),PROJET DE LOI RELATIF À LA RESTITUTION OU LA REMISE DE CERTAINS BIENS CULTURELS AUX AYANTS DROIT DE LEURS PROPRIÉTAIRES VICTIMES DE PERSÉCUTIONS ANTISÉMITES
564,Mme le président.,15 février 2022,1757,CONVENTIONS INTERNATIONALES,Article 4 (Non modifié),PROJET DE LOI RELATIF À LA RESTITUTION OU LA REMISE DE CERTAINS BIENS CULTURELS AUX AYANTS DROIT DE LEURS PROPRIÉTAIRES VICTIMES DE PERSÉCUTIONS ANTISÉMITES
