Date_seances,Num_page,Titre,Texte,Thème
05 janvier 2022,113.0,DÉFENSE EXTÉRIEURE CONTRE L’INCENDIE : ASSURER LA PROTECTION DES PERSONNES SANS NUIRE AUX TERRITOIRES,,
05 janvier 2022,123.0,DÉFENSE EXTÉRIEURE CONTRE L’INCENDIE : ASSURER LA PROTECTION DES PERSONNES SANS NUIRE AUX TERRITOIRES,,
05 janvier 2022,127.0,DÉFENSE EXTÉRIEURE CONTRE L’INCENDIE : ASSURER LA PROTECTION DES PERSONNES SANS NUIRE AUX TERRITOIRES,,
12 janvier 2022,328.0,QUESTIONS D’ACTUALITÉ AU GOUVERNEMENT,,
12 janvier 2022,329.0,QUESTIONS D’ACTUALITÉ AU GOUVERNEMENT,,
18 janvier 2022,524.0,QUESTIONS ORALES,,
18 janvier 2022,525.0,QUESTIONS ORALES,,
02 février 2022,1268.0,ÉNERGIE ET POUVOIR D’ACHAT :  QUEL IMPACT DE LA POLITIQUE  DU GOUVERNEMENT ? Débat d’actualité,,
02 février 2022,1269.0,ÉNERGIE ET POUVOIR D’ACHAT :  QUEL IMPACT DE LA POLITIQUE  DU GOUVERNEMENT ? Débat d’actualité,,
15 février 2022,1674.0,QUESTIONS ORALES,,
01 août 2022,2941.0,LOI DE FINANCES RECTIFICATIVE  POUR 2022,Article 1er,SUITE DE LA DISCUSSION D’UN PROJET DE LOI
02 août 2022,3006.0,RÈGLEMENT DU BUDGET  ET APPROBATION DES COMPTES  DE L’ANNÉE 2021,,REJET EN NOUVELLE LECTURE D’UN PROJET DE LOI
02 août 2022,3042.0,LOI DE FINANCES RECTIFICATIVE POUR 2022,Après l’article 2  (suite),SUITE DE LA DISCUSSION ET ADOPTION D’UN PROJET DE LOI MODIFIÉ
02 août 2022,3092.0,LOI DE FINANCES RECTIFICATIVE POUR 2022,Article 4 ter (nouveau),SUITE DE LA DISCUSSION ET ADOPTION D’UN PROJET DE LOI MODIFIÉ
18 octobre 2022,3951.0,FORMATION DES INTERNES  EN MÉDECINE GÉNÉRALE ET LUTTE  CONTRE LES DÉSERTS MÉDICAUX,Après l’article unique,PROPOSITION DE LOI VISANT À LA CONSOLIDATION ET À LA PROFESSIONNALISATION DE LA FORMATION DES INTERNES EN MÉDECINE GÉNÉRALE
18 octobre 2022,3956.0,FINANCES LOCALES,Après l’article unique,PROPOSITION DE LOI VISANT À LA CONSOLIDATION ET À LA PROFESSIONNALISATION DE LA FORMATION DES INTERNES EN MÉDECINE GÉNÉRALE
18 octobre 2022,3957.0,FINANCES LOCALES,Après l’article unique,PROPOSITION DE LOI VISANT À LA CONSOLIDATION ET À LA PROFESSIONNALISATION DE LA FORMATION DES INTERNES EN MÉDECINE GÉNÉRALE
25 octobre 2022,4185.0,QUESTIONS ORALES,,
25 octobre 2022,4186.0,QUESTIONS ORALES,,
21 novembre 2022,6099.0,LOI DE FINANCES POUR 2023,Article 5  (suite),SUITE DE LA DISCUSSION D’UN PROJET DE LOI
23 novembre 2022,6475.0,LOI DE FINANCES POUR 2023,Après l’article 11 octies  (suite),SUITE DE LA DISCUSSION D’UN PROJET DE LOI
30 novembre 2022,7297.0,LOI DE FINANCES POUR 2023,Après l’article 45,SUITE DE LA DISCUSSION D’UN PROJET DE LOI
30 novembre 2022,7298.0,LOI DE FINANCES POUR 2023,Après l’article 45,SUITE DE LA DISCUSSION D’UN PROJET DE LOI
02 décembre 2022,7632.0,LOI DE FINANCES POUR 2023,Après l’article 41 ter,SUITE DE LA DISCUSSION D’UN PROJET DE LOI
02 décembre 2022,7664.0,LOI DE FINANCES POUR 2023,Après l’article 41 ter,SUITE DE LA DISCUSSION D’UN PROJET DE LOI
02 décembre 2022,7668.0,LOI DE FINANCES POUR 2023,Après l’article 41 ter,SUITE DE LA DISCUSSION D’UN PROJET DE LOI
02 décembre 2022,7670.0,LOI DE FINANCES POUR 2023,Après l’article 41 ter,SUITE DE LA DISCUSSION D’UN PROJET DE LOI
02 décembre 2022,7701.0,LOI DE FINANCES POUR 2023,Après l’article 41 ter,SUITE DE LA DISCUSSION D’UN PROJET DE LOI
02 décembre 2022,7714.0,LOI DE FINANCES POUR 2023,Après l’article 41 ter,SUITE DE LA DISCUSSION D’UN PROJET DE LOI
02 décembre 2022,7723.0,LOI DE FINANCES POUR 2023,Après l’article 41 ter,SUITE DE LA DISCUSSION D’UN PROJET DE LOI
02 décembre 2022,7743.0,LOI DE FINANCES POUR 2023,Après l’article 41 ter,SUITE DE LA DISCUSSION D’UN PROJET DE LOI
02 décembre 2022,7747.0,LOI DE FINANCES POUR 2023,Après l’article 41 ter,SUITE DE LA DISCUSSION D’UN PROJET DE LOI
02 décembre 2022,7749.0,LOI DE FINANCES POUR 2023,Après l’article 41 ter,SUITE DE LA DISCUSSION D’UN PROJET DE LOI
02 décembre 2022,7750.0,LOI DE FINANCES POUR 2023,Après l’article 41 ter,SUITE DE LA DISCUSSION D’UN PROJET DE LOI
02 décembre 2022,7751.0,LOI DE FINANCES POUR 2023,Après l’article 41 ter,SUITE DE LA DISCUSSION D’UN PROJET DE LOI
13 décembre 2022,8301.0,ADAPTATION AU DROIT  DE L’UNION EUROPÉENNE  DANS DIVERS DOMAINES,,DISCUSSION EN PROCÉDURE ACCÉLÉRÉE D’UN PROJET DE LOI DANS LE TEXTE DE LA COMMISSION
13 décembre 2022,8319.0,ADAPTATION AU DROIT  DE L’UNION EUROPÉENNE  DANS DIVERS DOMAINES,Article 2,"PROJET DE LOI PORTANT DIVERSES DISPOSITIONS D’ADAPTATION AU DROIT DE L’UNION EUROPÉENNE DANS LES DOMAINES DE L’ÉCONOMIE, DE LA SANTÉ, DU TRAVAIL, DES TRANSPORTS ET DE L’AGRICULTURE"
13 décembre 2022,8322.0,ADAPTATION AU DROIT  DE L’UNION EUROPÉENNE  DANS DIVERS DOMAINES,Après l’article 2,"PROJET DE LOI PORTANT DIVERSES DISPOSITIONS D’ADAPTATION AU DROIT DE L’UNION EUROPÉENNE DANS LES DOMAINES DE L’ÉCONOMIE, DE LA SANTÉ, DU TRAVAIL, DES TRANSPORTS ET DE L’AGRICULTURE"
13 décembre 2022,8323.0,ADAPTATION AU DROIT  DE L’UNION EUROPÉENNE  DANS DIVERS DOMAINES,Article 5,"PROJET DE LOI PORTANT DIVERSES DISPOSITIONS D’ADAPTATION AU DROIT DE L’UNION EUROPÉENNE DANS LES DOMAINES DE L’ÉCONOMIE, DE LA SANTÉ, DU TRAVAIL, DES TRANSPORTS ET DE L’AGRICULTURE"
13 décembre 2022,8324.0,ADAPTATION AU DROIT  DE L’UNION EUROPÉENNE  DANS DIVERS DOMAINES,Article 5,"PROJET DE LOI PORTANT DIVERSES DISPOSITIONS D’ADAPTATION AU DROIT DE L’UNION EUROPÉENNE DANS LES DOMAINES DE L’ÉCONOMIE, DE LA SANTÉ, DU TRAVAIL, DES TRANSPORTS ET DE L’AGRICULTURE"
13 décembre 2022,8325.0,ADAPTATION AU DROIT  DE L’UNION EUROPÉENNE  DANS DIVERS DOMAINES,Article 5,"PROJET DE LOI PORTANT DIVERSES DISPOSITIONS D’ADAPTATION AU DROIT DE L’UNION EUROPÉENNE DANS LES DOMAINES DE L’ÉCONOMIE, DE LA SANTÉ, DU TRAVAIL, DES TRANSPORTS ET DE L’AGRICULTURE"
13 décembre 2022,8326.0,ADAPTATION AU DROIT  DE L’UNION EUROPÉENNE  DANS DIVERS DOMAINES,Après l’article 5,"PROJET DE LOI PORTANT DIVERSES DISPOSITIONS D’ADAPTATION AU DROIT DE L’UNION EUROPÉENNE DANS LES DOMAINES DE L’ÉCONOMIE, DE LA SANTÉ, DU TRAVAIL, DES TRANSPORTS ET DE L’AGRICULTURE"
13 décembre 2022,8327.0,ADAPTATION AU DROIT  DE L’UNION EUROPÉENNE  DANS DIVERS DOMAINES,Article 7,"PROJET DE LOI PORTANT DIVERSES DISPOSITIONS D’ADAPTATION AU DROIT DE L’UNION EUROPÉENNE DANS LES DOMAINES DE L’ÉCONOMIE, DE LA SANTÉ, DU TRAVAIL, DES TRANSPORTS ET DE L’AGRICULTURE"
13 décembre 2022,8328.0,ADAPTATION AU DROIT  DE L’UNION EUROPÉENNE  DANS DIVERS DOMAINES,Article 7,"PROJET DE LOI PORTANT DIVERSES DISPOSITIONS D’ADAPTATION AU DROIT DE L’UNION EUROPÉENNE DANS LES DOMAINES DE L’ÉCONOMIE, DE LA SANTÉ, DU TRAVAIL, DES TRANSPORTS ET DE L’AGRICULTURE"
13 décembre 2022,8329.0,ADAPTATION AU DROIT  DE L’UNION EUROPÉENNE  DANS DIVERS DOMAINES,Article 8,"PROJET DE LOI PORTANT DIVERSES DISPOSITIONS D’ADAPTATION AU DROIT DE L’UNION EUROPÉENNE DANS LES DOMAINES DE L’ÉCONOMIE, DE LA SANTÉ, DU TRAVAIL, DES TRANSPORTS ET DE L’AGRICULTURE"
